場所,R,クラス,種別,距離,馬場状態,馬番,馬名,年齢,騎手名,調教師名,距離区分,回り,道悪判定,種牡馬名,臨戦過程,距離変遷
札幌,1,未勝利,芝,1500,稍(暫定),1,リバテイー,2歳,横山武史,小笠倫弘,短距離,右回り,芝道悪,ヴァンキッシュラン,,距離延長
札幌,1,未勝利,芝,1500,稍(暫定),2,エリカビアリッツ,2歳,佐々木大,堀宣行,短距離,右回り,芝道悪,キズナ,,
札幌,1,未勝利,芝,1500,稍(暫定),3,ノアールビーナス,2歳,川又賢治,杉山佳明,短距離,右回り,芝道悪,ドレフォン,,距離延長
札幌,1,未勝利,芝,1500,稍(暫定),4,コマチチャン,2歳,斎藤新,小椋研介,短距離,右回り,芝道悪,キズナ,,
札幌,1,未勝利,芝,1500,稍(暫定),5,ベンテンカグラ,2歳,石川倭,勢司和浩,短距離,右回り,芝道悪,アドマイヤムーン,,距離延長
札幌,1,未勝利,芝,1500,稍(暫定),6,アスコットダンス,2歳,橋木太希,高橋康之,短距離,右回り,芝道悪,モズアスコット,,
札幌,1,未勝利,芝,1500,稍(暫定),7,ラスティングスノー,2歳,横山和生,池上昌和,短距離,右回り,芝道悪,モズアスコット,,
札幌,1,未勝利,芝,1500,稍(暫定),8,クラリスヒメ,2歳,丹内祐次,浅利英明,短距離,右回り,芝道悪,ダノンキングリー,,
札幌,2,未勝利,芝,1800,稍(暫定),1,ショウナンバーボン,2歳,横山和生,加藤士津,中距離,右回り,芝道悪,サートゥルナーリア,,
札幌,2,未勝利,芝,1800,稍(暫定),2,ロイヤルタイム,2歳,松岡正海,和田正一,中距離,右回り,芝道悪,サトノクラウン,,
札幌,2,未勝利,芝,1800,稍(暫定),3,ノチェセラーダ,2歳,横山武史,杉山佳明,中距離,右回り,芝道悪,ドレフォン,,
札幌,2,未勝利,芝,1800,稍(暫定),4,ブライトラン,2歳,吉田隼人,尾形和幸,中距離,右回り,芝道悪,マインドユアビスケッツ,連闘,距離短縮
札幌,2,未勝利,芝,1800,稍(暫定),5,シンデレラガール,2歳,斎藤新,西園翔太,中距離,右回り,芝道悪,サングレーザー,,
札幌,2,未勝利,芝,1800,稍(暫定),6,アッカン,2歳,池添謙一,奥村武,中距離,右回り,芝道悪,ホークビル,,
札幌,2,未勝利,芝,1800,稍(暫定),7,チェイサー,2歳,丹内祐次,相沢郁,中距離,右回り,芝道悪,レイデオロ,,
札幌,3,未勝利,ダート,1700,重(暫定),1,ロワゾブルーチヌ,3歳,川又賢治,中尾秀正,中距離,右回り,ダ道悪,ジャスタウェイ,,距離短縮
札幌,3,未勝利,ダート,1700,重(暫定),2,トリプレーテ,3歳,森田誠也,武英智,中距離,右回り,ダ道悪,Saxon Warrior,,
札幌,3,未勝利,ダート,1700,重(暫定),3,サンダーフレア,3歳,舟山瑠泉,久保田貴,中距離,右回り,ダ道悪,リアルスティール,,
札幌,3,未勝利,ダート,1700,重(暫定),4,ドルチェリターン,3歳,池添謙一,池添学,中距離,右回り,ダ道悪,ハービンジャー,,距離短縮
札幌,3,未勝利,ダート,1700,重(暫定),5,ロイヤルテール,3歳,丹内祐次,畑端省吾,中距離,右回り,ダ道悪,レイデオロ,連闘,
札幌,3,未勝利,ダート,1700,重(暫定),6,クアトロフォルトナ,3歳,石川倭,寺島良,中距離,右回り,ダ道悪,バゴ,休明初戦,距離延長
札幌,3,未勝利,ダート,1700,重(暫定),7,スイッチビスケット,3歳,吉田隼人,森田直行,中距離,右回り,ダ道悪,サトノクラウン,,距離延長
札幌,3,未勝利,ダート,1700,重(暫定),8,オロパタジン,3歳,小林美駒,相沢郁,中距離,右回り,ダ道悪,ノヴェリスト,,
札幌,3,未勝利,ダート,1700,重(暫定),9,バダジェフスカ,3歳,鷲頭虎太,新谷功一,中距離,右回り,ダ道悪,デクラレーションオブウォー,休明2走,距離延長
札幌,3,未勝利,ダート,1700,重(暫定),10,シヴァールバーニ,3歳,古川奈穂,池江泰寿,中距離,右回り,ダ道悪,サトノダイヤモンド,休明3走,距離短縮
札幌,3,未勝利,ダート,1700,重(暫定),11,ホウオウサムレット,3歳,武豊,田中博康,中距離,右回り,ダ道悪,ブリックスアンドモルタル,休明3走,
札幌,3,未勝利,ダート,1700,重(暫定),12,オンクラウドナイン,3歳,佐々木大,和田正一,中距離,右回り,ダ道悪,ラニ,,
札幌,3,未勝利,ダート,1700,重(暫定),13,アンタンシオン,3歳,斎藤新,杉山佳明,中距離,右回り,ダ道悪,ワールドエース,,
札幌,3,未勝利,ダート,1700,重(暫定),14,セレーネアステール,3歳,浜中俊,武幸四郎,中距離,右回り,ダ道悪,ルーラーシップ,,
札幌,4,未勝利,芝,1500,稍(暫定),1,ビリオネアボーイ,3歳,横山武史,新谷功一,短距離,右回り,芝道悪,American Pharoah,,距離延長
札幌,4,未勝利,芝,1500,稍(暫定),2,アメリータ,3歳,石川倭,今野貞一,短距離,右回り,芝道悪,アルアイン,,距離短縮
札幌,4,未勝利,芝,1500,稍(暫定),3,クールメゾン,3歳,柴田裕一,藤岡健一,短距離,右回り,芝道悪,スワーヴリチャード,休明初戦,距離延長
札幌,4,未勝利,芝,1500,稍(暫定),4,エピファランド,3歳,浜中俊,武幸四郎,短距離,右回り,芝道悪,エピファネイア,休明3走,
札幌,4,未勝利,芝,1500,稍(暫定),5,マイネルレクエルド,3歳,吉田隼人,田島俊明,短距離,右回り,芝道悪,ダノンバラード,,距離短縮
札幌,4,未勝利,芝,1500,稍(暫定),6,アークシャルダーム,3歳,斎藤新,友道康夫,短距離,右回り,芝道悪,ブリックスアンドモルタル,休明3走,距離延長
札幌,4,未勝利,芝,1500,稍(暫定),7,ペールノエル,3歳,丹内祐次,西村真幸,短距離,右回り,芝道悪,モーリス,,距離短縮
札幌,4,未勝利,芝,1500,稍(暫定),8,ダブルシルバー,3歳,舟山瑠泉,小椋研介,短距離,右回り,芝道悪,シルバーステート,,距離延長
札幌,4,未勝利,芝,1500,稍(暫定),9,トレヴィ,3歳,武豊,木村哲也,短距離,右回り,芝道悪,スワーヴリチャード,休明初戦,距離延長
札幌,4,未勝利,芝,1500,稍(暫定),10,ワンダーアンジェ,3歳,小林美駒,吉村圭司,短距離,右回り,芝道悪,ディーマジェスティ,,距離延長
札幌,4,未勝利,芝,1500,稍(暫定),11,ハクサンミラクル,3歳,黛弘人,武藤善則,短距離,右回り,芝道悪,シルポート,,
札幌,4,未勝利,芝,1500,稍(暫定),12,ダイヤノゴトク,3歳,和田陽希,小栗実,短距離,右回り,芝道悪,サトノダイヤモンド,,距離延長
札幌,4,未勝利,芝,1500,稍(暫定),13,リラゲイル,3歳,佐々木大,須貝尚介,短距離,右回り,芝道悪,ブリックスアンドモルタル,,
札幌,4,未勝利,芝,1500,稍(暫定),14,モズグランプリ,3歳,荻野琢真,藤岡健一,短距離,右回り,芝道悪,モズアスコット,休明2走,距離短縮
札幌,5,新馬,ダート,1700,重(暫定),1,ケイアイアギト,2歳,斎藤新,加藤征弘,中距離,右回り,ダ道悪,エスポワールシチー,,
札幌,5,新馬,ダート,1700,重(暫定),2,ココラッシー,2歳,柴田裕一,西園翔太,中距離,右回り,ダ道悪,ゴールドドリーム,,
札幌,5,新馬,ダート,1700,重(暫定),3,スノースコール,2歳,浜中俊,加藤征弘,中距離,右回り,ダ道悪,クリソベリル,,
札幌,5,新馬,ダート,1700,重(暫定),4,ワラビガミ,2歳,落合玄太,新谷功一,中距離,右回り,ダ道悪,リアルスティール,,距離短縮
札幌,5,新馬,ダート,1700,重(暫定),5,ワールドブレイヴ,2歳,舟山瑠泉,宮田敬介,中距離,右回り,ダ道悪,ワールドプレミア,,
札幌,5,新馬,ダート,1700,重(暫定),6,セスティーナ,2歳,武豊,須貝尚介,中距離,右回り,ダ道悪,マインドユアビスケッツ,,
札幌,5,新馬,ダート,1700,重(暫定),7,デールエルバハリ,2歳,小林美駒,杉山佳明,中距離,右回り,ダ道悪,クリソベリル,,
札幌,5,新馬,ダート,1700,重(暫定),8,オーケートムボーイ,2歳,古川吉洋,奥村豊,中距離,右回り,ダ道悪,シニスターミニスター,,
札幌,5,新馬,ダート,1700,重(暫定),9,シェンフー,2歳,石川倭,前川恭子,中距離,右回り,ダ道悪,ドレフォン,,
札幌,5,新馬,ダート,1700,重(暫定),10,インシオン,2歳,丹内祐次,藤原英昭,中距離,右回り,ダ道悪,ドレフォン,,
札幌,5,新馬,ダート,1700,重(暫定),11,セイウンブシドウ,2歳,佐々木大,伊藤大士,中距離,右回り,ダ道悪,ヘニーヒューズ,,
札幌,5,新馬,ダート,1700,重(暫定),12,リュウカルネ,2歳,横山武史,伊藤圭三,中距離,右回り,ダ道悪,ドレフォン,,
札幌,5,新馬,ダート,1700,重(暫定),13,タイセイモノリス,2歳,横山和生,栗田徹,中距離,右回り,ダ道悪,ゴールドドリーム,,
札幌,6,未勝利,芝,2000,稍(暫定),1,バトラーズワーフ,3歳,佐々木大,浅利英明,中距離,右回り,芝道悪,ブリックスアンドモルタル,,
札幌,6,未勝利,芝,2000,稍(暫定),2,スタードメイソン,3歳,和田陽希,藤原英昭,中距離,右回り,芝道悪,ブリックスアンドモルタル,,距離延長
札幌,6,未勝利,芝,2000,稍(暫定),3,リワードパシオン,3歳,古川吉洋,勢司和浩,中距離,右回り,芝道悪,ナカヤマフェスタ,,
札幌,6,未勝利,芝,2000,稍(暫定),4,ショウナンタハティ,3歳,池添謙一,大竹正博,中距離,右回り,芝道悪,ドレフォン,,距離延長
札幌,6,未勝利,芝,2000,稍(暫定),5,マブアンドフェール,3歳,横山武史,古賀慎明,中距離,右回り,芝道悪,マインドユアビスケッツ,,距離短縮
札幌,6,未勝利,芝,2000,稍(暫定),6,ラファヴォリット,3歳,小林美駒,黒岩陽一,中距離,右回り,芝道悪,レイデオロ,,
札幌,6,未勝利,芝,2000,稍(暫定),7,サイモンイロハニー,3歳,川又賢治,谷潔,中距離,右回り,芝道悪,ゴールドシップ,,
札幌,6,未勝利,芝,2000,稍(暫定),8,ナッシングベター,3歳,石川倭,稲垣幸雄,中距離,右回り,芝道悪,ジャスタウェイ,,距離延長
札幌,6,未勝利,芝,2000,稍(暫定),9,ストレートブラック,3歳,松岡正海,奥平雅士,中距離,右回り,芝道悪,トーセンラー,,
札幌,6,未勝利,芝,2000,稍(暫定),10,ハイアップグレード,3歳,松本大輝,谷潔,中距離,右回り,芝道悪,ディーマジェスティ,,距離延長
札幌,6,未勝利,芝,2000,稍(暫定),11,マナミン,3歳,橋木太希,高橋康之,中距離,右回り,芝道悪,バゴ,,距離延長
札幌,6,未勝利,芝,2000,稍(暫定),12,ディアイライザ,3歳,落合玄太,加藤和宏,中距離,右回り,芝道悪,ノヴェリスト,,
札幌,6,未勝利,芝,2000,稍(暫定),13,シカレ,3歳,鷲頭虎太,前川恭子,中距離,右回り,芝道悪,American Pharoah,,
札幌,6,未勝利,芝,2000,稍(暫定),14,マザーズウィル,3歳,斎藤新,国枝栄,中距離,右回り,芝道悪,キズナ,,距離延長
札幌,6,未勝利,芝,2000,稍(暫定),15,ラースアルアイン,3歳,黛弘人,中川公成,中距離,右回り,芝道悪,アルアイン,,
札幌,6,未勝利,芝,2000,稍(暫定),16,ヤマノインパクト,3歳,丹内祐次,本間忍,中距離,右回り,芝道悪,カリフォルニアクローム,,
札幌,7,自己条件,ダート,1000,重(暫定),1,ピリー,4歳,吉田隼人,西園正都,短距離,右回り,ダ道悪,スクリーンヒーロー,休明2走,距離短縮
札幌,7,自己条件,ダート,1000,重(暫定),2,ボディブロー,4歳,武豊,森秀行,短距離,右回り,ダ道悪,City of Light,,
札幌,7,自己条件,ダート,1000,重(暫定),3,セイゲン,5歳以上,佐々木大,中川公成,短距離,右回り,ダ道悪,エスポワールシチー,,
札幌,7,自己条件,ダート,1000,重(暫定),4,ショウナンラリー,3歳,横山和生,嘉藤貴行,短距離,右回り,ダ道悪,ナダル,,
札幌,7,自己条件,ダート,1000,重(暫定),5,メイショウハボマイ,3歳,松本大輝,本田優,短距離,右回り,ダ道悪,マジェスティックウォリアー,,
札幌,7,自己条件,ダート,1000,重(暫定),6,メイショウハッブル,4歳,柴田裕一,石橋守,短距離,右回り,ダ道悪,グレーターロンドン,,
札幌,7,自己条件,ダート,1000,重(暫定),7,ミニョンマルーン,3歳,小林美駒,伊藤圭三,短距離,右回り,ダ道悪,ミスターメロディ,,
札幌,7,自己条件,ダート,1000,重(暫定),8,キャリーグレイス,3歳,川又賢治,寺島良,短距離,右回り,ダ道悪,カリフォルニアクローム,,距離短縮
札幌,7,自己条件,ダート,1000,重(暫定),9,エコロレオナ,3歳,和田陽希,森秀行,短距離,右回り,ダ道悪,City of Light,,
札幌,7,自己条件,ダート,1000,重(暫定),10,ペレグリン,4歳,浜中俊,河嶋宏樹,短距離,右回り,ダ道悪,バンブーエール,,
札幌,7,自己条件,ダート,1000,重(暫定),11,イノキ,3歳,丹内祐次,岩戸孝樹,短距離,右回り,ダ道悪,ミスターメロディ,,
札幌,7,自己条件,ダート,1000,重(暫定),12,スパークルジョイ,4歳,森田誠也,前川恭子,短距離,右回り,ダ道悪,レッドファルクス,,
札幌,8,自己条件,ダート,1700,重(暫定),1,サザンブラック,3歳,橋木太希,根本康広,中距離,右回り,ダ道悪,ブラックタイド,連闘,
札幌,8,自己条件,ダート,1700,重(暫定),2,グロリアスヒーロー,5歳以上,舟山瑠泉,高木登,中距離,右回り,ダ道悪,スクリーンヒーロー,,
札幌,8,自己条件,ダート,1700,重(暫定),3,クラウンウルル,3歳,佐々木大,菊川正達,中距離,右回り,ダ道悪,レッドファルクス,休明2走,距離延長
札幌,8,自己条件,ダート,1700,重(暫定),4,マーベリックシチー,4歳,吉田隼人,岡田稲男,中距離,右回り,ダ道悪,パイロ,,
札幌,8,自己条件,ダート,1700,重(暫定),5,コスモフレディ,4歳,丹内祐次,水野貴広,中距離,右回り,ダ道悪,シニスターミニスター,休明初戦,
札幌,8,自己条件,ダート,1700,重(暫定),6,プチブール,4歳,横山和生,小西一男,中距離,右回り,ダ道悪,サトノクラウン,休明初戦,距離延長
札幌,8,自己条件,ダート,1700,重(暫定),7,ファイヤーウィップ,4歳,松本大輝,吉田直弘,中距離,右回り,ダ道悪,モーニン,,
札幌,8,自己条件,ダート,1700,重(暫定),8,ルグランシャリオ,3歳,石川倭,石栗龍彦,中距離,右回り,ダ道悪,フサイチセブン,,
札幌,8,自己条件,ダート,1700,重(暫定),9,ヴェラグエリエロ,5歳以上,小林美駒,辻哲英,中距離,右回り,ダ道悪,レッドファルクス,,
札幌,8,自己条件,ダート,1700,重(暫定),10,ミスティマウンテン,3歳,横山武史,池上昌和,中距離,右回り,ダ道悪,サンダースノー,,
札幌,8,自己条件,ダート,1700,重(暫定),11,スズノソレイユ,3歳,和田陽希,平田修,中距離,右回り,ダ道悪,ディスクリートキャット,,
札幌,9,OP,芝,1200,稍(暫定),1,ユウファラオ,2歳,佐々木大,森秀行,短距離,右回り,芝道悪,American Pharoah,,距離短縮
札幌,9,OP,芝,1200,稍(暫定),2,ビッグカレンルーフ,2歳,石川倭,米川昇,短距離,右回り,芝道悪,アメリカンペイトリオット,,距離延長
札幌,9,OP,芝,1200,稍(暫定),3,ミライヘノヒーロー,2歳,服部茂史,松本隆宏,短距離,右回り,芝道悪,イスラボニータ,,距離延長
札幌,9,OP,芝,1200,稍(暫定),4,エムティリオ,2歳,阿部龍,角川秀樹,短距離,右回り,芝道悪,グレーターロンドン,,距離延長
札幌,9,OP,芝,1200,稍(暫定),5,トリップス,2歳,小野楓馬,小野望,短距離,右回り,芝道悪,ゴルトマイスター,,距離延長
札幌,9,OP,芝,1200,稍(暫定),6,ライフオブラクーン,2歳,横山典弘,村田一誠,短距離,右回り,芝道悪,フォーウィールドライブ,,距離延長
札幌,9,OP,芝,1200,稍(暫定),7,スターオブロンドン,2歳,古川奈穂,矢作芳人,短距離,右回り,芝道悪,タワーオブロンドン,連闘,距離短縮
札幌,9,OP,芝,1200,稍(暫定),8,ウチュウノセカイ,2歳,古川吉洋,青木孝文,短距離,右回り,芝道悪,タワーオブロンドン,,
札幌,9,OP,芝,1200,稍(暫定),9,ミスターバッドガイ,2歳,落合玄太,田中淳司,短距離,右回り,芝道悪,ストロングリターン,,距離短縮
札幌,9,OP,芝,1200,稍(暫定),10,サノノサルバドール,2歳,丹内祐次,松本隆宏,短距離,右回り,芝道悪,スマートファルコン,,距離延長
札幌,9,OP,芝,1200,稍(暫定),11,エスカレイト,2歳,斎藤新,小栗実,短距離,右回り,芝道悪,ロードカナロア,連闘,距離短縮
札幌,9,OP,芝,1200,稍(暫定),12,シーグルロス,2歳,小林美駒,尾形和幸,短距離,右回り,芝道悪,フィレンツェファイア,,
札幌,9,OP,芝,1200,稍(暫定),13,ショウナンカリス,2歳,池添謙一,加藤士津,短距離,右回り,芝道悪,リアルスティール,,
札幌,10,自己条件,ダート,1700,重(暫定),1,セイウンガレオン,5歳以上,石川倭,奥平雅士,中距離,右回り,ダ道悪,ドゥラメンテ,,距離短縮
札幌,10,自己条件,ダート,1700,重(暫定),2,フォーワンセルフ,5歳以上,服部茂史,小手川準,中距離,右回り,ダ道悪,パイロ,,
札幌,10,自己条件,ダート,1700,重(暫定),3,ドッビアーコ,4歳,佐々木大,奥村豊,中距離,右回り,ダ道悪,Street Boss,休明初戦,距離短縮
札幌,10,自己条件,ダート,1700,重(暫定),4,オルゴーリオ,4歳,横山和生,菊沢隆徳,中距離,右回り,ダ道悪,Mor Spirit,休明初戦,距離延長
札幌,10,自己条件,ダート,1700,重(暫定),5,ソムリエ,5歳以上,古川吉洋,相沢郁,中距離,右回り,ダ道悪,ルーラーシップ,休明初戦,距離短縮
札幌,10,自己条件,ダート,1700,重(暫定),6,リアライズカミオン,3歳,浜中俊,堀宣行,中距離,右回り,ダ道悪,American Pharoah,休明2走,
札幌,10,自己条件,ダート,1700,重(暫定),7,ベンヌ,3歳,横山武史,久保田貴,中距離,右回り,ダ道悪,パイロ,休明初戦,距離延長
札幌,10,自己条件,ダート,1700,重(暫定),8,サンドブラスト,4歳,丹内祐次,鈴木慎太,中距離,右回り,ダ道悪,モーニン,休明初戦,
札幌,10,自己条件,ダート,1700,重(暫定),9,サンダーバース,4歳,鷲頭虎太,井上智史,中距離,右回り,ダ道悪,サンダースノー,休明初戦,距離延長
札幌,10,自己条件,ダート,1700,重(暫定),10,タイセイミッション,4歳,黛弘人,伊藤圭三,中距離,右回り,ダ道悪,キタサンブラック,,
札幌,10,自己条件,ダート,1700,重(暫定),11,ファイントパーズ,4歳,小林美駒,鈴木伸尋,中距離,右回り,ダ道悪,タリスマニック,,
札幌,10,自己条件,ダート,1700,重(暫定),12,オールマキシマム,5歳以上,小林脩斗,奥平雅士,中距離,右回り,ダ道悪,ホッコータルマエ,,
札幌,10,自己条件,ダート,1700,重(暫定),13,ポルポラジール,4歳,落合玄太,新谷功一,中距離,右回り,ダ道悪,シニスターミニスター,休明初戦,距離短縮
札幌,10,自己条件,ダート,1700,重(暫定),14,ナリタヒカリ,3歳,吉田隼人,荒川義之,中距離,右回り,ダ道悪,ルヴァンスレーヴ,,
札幌,11,自己条件,芝,2000,稍(暫定),1,コスモエクスプレス,5歳以上,松岡正海,松永康利,中距離,右回り,芝道悪,エイシンヒカリ,,
札幌,11,自己条件,芝,2000,稍(暫定),2,ハートメテオ,3歳,武豊,笹田和秀,中距離,右回り,芝道悪,ロードカナロア,,距離延長
札幌,11,自己条件,芝,2000,稍(暫定),3,マイネルバーテクス,4歳,佐々木大,水野貴広,中距離,右回り,芝道悪,エピファネイア,休明2走,距離延長
札幌,11,自己条件,芝,2000,稍(暫定),4,エラン,4歳,古川吉洋,蛯名正義,中距離,右回り,芝道悪,ラブリーデイ,,
札幌,11,自己条件,芝,2000,稍(暫定),5,ワザモノ,5歳以上,黛弘人,尾関知人,中距離,右回り,芝道悪,マツリダゴッホ,,距離延長
札幌,11,自己条件,芝,2000,稍(暫定),6,バードウォッチャー,4歳,斎藤新,国枝栄,中距離,右回り,芝道悪,ブラックタイド,,
札幌,11,自己条件,芝,2000,稍(暫定),7,ショウナンサムデイ,3歳,池添謙一,奥村武,中距離,右回り,芝道悪,サートゥルナーリア,休明2走,
札幌,11,自己条件,芝,2000,稍(暫定),8,アルベリック,4歳,柴田裕一,中竹和也,中距離,右回り,芝道悪,エイシンヒカリ,,距離短縮
札幌,11,自己条件,芝,2000,稍(暫定),9,デルマグレムリン,5歳以上,和田陽希,緒方努,中距離,右回り,芝道悪,ディーマジェスティ,,距離短縮
札幌,11,自己条件,芝,2000,稍(暫定),10,ミラージュナイト,3歳,丹内祐次,辻野泰之,中距離,右回り,芝道悪,バゴ,休明2走,
札幌,11,自己条件,芝,2000,稍(暫定),11,レイピカケ,4歳,松本大輝,野中賢二,中距離,右回り,芝道悪,ハービンジャー,,距離短縮
札幌,11,自己条件,芝,2000,稍(暫定),12,テイエムヒショウ,5歳以上,石川倭,浜田多実,中距離,右回り,芝道悪,ヘニーヒューズ,休明3走,距離延長
札幌,11,自己条件,芝,2000,稍(暫定),13,バニシングポイント,5歳以上,浜中俊,古賀慎明,中距離,右回り,芝道悪,Tapit,,距離延長
札幌,11,自己条件,芝,2000,稍(暫定),14,ナグルファル,3歳,横山武史,杉山晴紀,中距離,右回り,芝道悪,エピファネイア,休明初戦,距離短縮
札幌,12,自己条件,芝,1200,稍(暫定),1,マランジュ,5歳以上,松本大輝,田中克典,短距離,右回り,芝道悪,ハービンジャー,休明初戦,
札幌,12,自己条件,芝,1200,稍(暫定),2,イリュージョン,5歳以上,横山典弘,西田雄一,短距離,右回り,芝道悪,タリスマニック,,
札幌,12,自己条件,芝,1200,稍(暫定),3,タマカヅラ,3歳,小林美駒,斎藤誠,短距離,右回り,芝道悪,フィエールマン,休明初戦,
札幌,12,自己条件,芝,1200,稍(暫定),4,サンポーニャ,5歳以上,鷲頭虎太,池江泰寿,短距離,右回り,芝道悪,モーリス,休明3走,
札幌,12,自己条件,芝,1200,稍(暫定),5,ペルフェツィオーネ,4歳,斎藤新,杉山佳明,短距離,右回り,芝道悪,ルーラーシップ,,
札幌,12,自己条件,芝,1200,稍(暫定),6,オーケーダイナ,3歳,武豊,奥村豊,短距離,右回り,芝道悪,Saxon Warrior,,
札幌,12,自己条件,芝,1200,稍(暫定),7,ザングウィル,5歳以上,浜中俊,佐藤悠太,短距離,右回り,芝道悪,Dandy Man,,
札幌,12,自己条件,芝,1200,稍(暫定),8,クイーンズデイ,3歳,池添謙一,岡田稲男,短距離,右回り,芝道悪,ラブリーデイ,,距離短縮
札幌,12,自己条件,芝,1200,稍(暫定),9,スプリングデイ,4歳,古川奈穂,伊藤大士,短距離,右回り,芝道悪,ディスクリートキャット,,
札幌,12,自己条件,芝,1200,稍(暫定),10,ダノンリュラ,3歳,横山和生,菊沢隆徳,短距離,右回り,芝道悪,ドレフォン,休明初戦,距離短縮
札幌,12,自己条件,芝,1200,稍(暫定),11,ミクストベリーズ,3歳,丹内祐次,伊藤圭三,短距離,右回り,芝道悪,Iffraaj,,
札幌,12,自己条件,芝,1200,稍(暫定),12,グランテレーズ,4歳,落合玄太,渡辺薫彦,短距離,右回り,芝道悪,シュヴァルグラン,,
札幌,12,自己条件,芝,1200,稍(暫定),13,ウィンストン,3歳,横山武史,杉山晴紀,短距離,右回り,芝道悪,モーリス,,
札幌,12,自己条件,芝,1200,稍(暫定),14,シャインズオンユー,4歳,古川吉洋,藤野健太,短距離,右回り,芝道悪,サトノクラウン,,
札幌,12,自己条件,芝,1200,稍(暫定),15,コモンスナイプ,3歳,舟山瑠泉,藤岡健一,短距離,右回り,芝道悪,Too Darn Hot,休明2走,距離短縮
札幌,12,自己条件,芝,1200,稍(暫定),16,ムチャスグラシアス,4歳,佐々木大,菊川正達,短距離,右回り,芝道悪,カリフォルニアクローム,,
新潟,1,OP,障害,3250,良(暫定),1,ニシノパプルブリリ,5歳以上,伴啓太,加藤和宏,長距離,左回り,,ディープブリランテ,,距離延長
新潟,1,OP,障害,3250,良(暫定),2,エンデュミオン,5歳以上,黒岩悠,清水久詞,長距離,左回り,,ヴィクトワールピサ,,距離延長
新潟,1,OP,障害,3250,良(暫定),3,ザスリーサーティ,5歳以上,坂口智康,尾形和幸,長距離,左回り,,ステイゴールド,休明初戦,距離延長
新潟,1,OP,障害,3250,良(暫定),4,メイショウカズサ,5歳以上,森一馬,安達昭夫,長距離,左回り,,カジノドライヴ,休明2走,距離短縮
新潟,1,OP,障害,3250,良(暫定),5,テイエムナイスラン,5歳以上,土田真翔,石栗龍彦,長距離,左回り,,ジャスタウェイ,,距離延長
新潟,1,OP,障害,3250,良(暫定),6,シャンドゥレール,5歳以上,大江原圭,国枝栄,長距離,左回り,,エピファネイア,,距離延長
新潟,1,OP,障害,3250,良(暫定),7,ヒルズカーン,5歳以上,草野太郎,松永康利,長距離,左回り,,ダノンバラード,,距離延長
新潟,1,OP,障害,3250,良(暫定),8,トゥラッタッタ,4歳,江田勇亮,新開幸一,長距離,左回り,,デクラレーションオブウォー,,距離延長
新潟,1,OP,障害,3250,良(暫定),9,アルデドゥオーモ,4歳,金子光希,矢野英一,長距離,左回り,,オルフェーヴル,休明2走,距離延長
新潟,1,OP,障害,3250,良(暫定),10,スズカハービン,5歳以上,難波剛健,高橋義忠,長距離,左回り,,ハービンジャー,,距離短縮
新潟,1,OP,障害,3250,良(暫定),11,サルサロッサ,5歳以上,井上敏樹,高柳瑞樹,長距離,左回り,,エスケンデレヤ,,距離延長
新潟,1,OP,障害,3250,良(暫定),12,プラチナドリーム,5歳以上,石神深一,菊川正達,長距離,左回り,,ホッコータルマエ,,距離延長
新潟,1,OP,障害,3250,良(暫定),13,ルドヴィクス,5歳以上,小牧加矢,久保田貴,長距離,左回り,,モーリス,,距離延長
新潟,2,未勝利,ダート,1800,良(暫定),1,ファイアマン,2歳,大野拓弥,上原博之,中距離,左回り,,ディスクリートキャット,,距離短縮
新潟,2,未勝利,ダート,1800,良(暫定),2,バーヴァンシー,2歳,三浦皇成,村田一誠,中距離,左回り,,リオンリオン,,距離延長
新潟,2,未勝利,ダート,1800,良(暫定),3,ミスマラッカ,2歳,木幡初也,本間忍,中距離,左回り,,マテラスカイ,,距離延長
新潟,2,未勝利,ダート,1800,良(暫定),4,モウエエデショー,2歳,原田和真,萱野浩二,中距離,左回り,,ダノンプレミアム,,
新潟,2,未勝利,ダート,1800,良(暫定),5,シューティングガイ,2歳,岩田望来,斎藤誠,中距離,左回り,,マジェスティックウォリアー,,
新潟,2,未勝利,ダート,1800,良(暫定),6,エンゲルベルク,2歳,上里直汰,加藤和宏,中距離,左回り,,サングレーザー,,距離延長
新潟,2,未勝利,ダート,1800,良(暫定),7,タマリスペクト,2歳,横山琉人,相沢郁,中距離,左回り,,カリフォルニアクローム,,距離延長
新潟,2,未勝利,ダート,1800,良(暫定),8,アルファシーナ,2歳,遠藤汰月,伊藤伸一,中距離,左回り,,アポロケンタッキー,,
新潟,2,未勝利,ダート,1800,良(暫定),9,マッドゲイル,2歳,戸崎圭太,上原佑紀,中距離,左回り,,ルヴァンスレーヴ,,
新潟,2,未勝利,ダート,1800,良(暫定),10,ラフレードピエル,2歳,菊沢一樹,萱野浩二,中距離,左回り,,クリソベリル,,距離延長
新潟,2,未勝利,ダート,1800,良(暫定),11,ニシノランペイジ,2歳,田辺裕信,松山将樹,中距離,左回り,,アジアエクスプレス,,距離延長
新潟,2,未勝利,ダート,1800,良(暫定),12,リアライズタキオン,2歳,石川裕紀,手塚貴久,中距離,左回り,,ルヴァンスレーヴ,,距離延長
新潟,2,未勝利,ダート,1800,良(暫定),13,リバーシティ,2歳,石神深道,和田正一,中距離,左回り,,インカンテーション,,
新潟,2,未勝利,ダート,1800,良(暫定),14,ウインターブレス,2歳,木幡巧也,竹内正洋,中距離,左回り,,ハービンジャー,,
新潟,2,未勝利,ダート,1800,良(暫定),15,コウソクルリアン,2歳,武藤雅,武藤善則,中距離,左回り,,サトノダイヤモンド,,
新潟,3,未勝利,芝,1800,良(暫定),1,コスモエウポリア,2歳,菊沢一樹,菊沢隆徳,中距離,左回り,,ポエティックフレア,,距離延長
新潟,3,未勝利,芝,1800,良(暫定),2,ニシノカルラ,2歳,今村聖奈,和田勇介,中距離,左回り,,ヴァンゴッホ,,
新潟,3,未勝利,芝,1800,良(暫定),3,スターゲイザー,2歳,丸山元気,根本康広,中距離,左回り,,シュヴァルグラン,,
新潟,3,未勝利,芝,1800,良(暫定),4,ブライスフェアリー,2歳,遠藤汰月,堀内岳志,中距離,左回り,,ウインブライト,,距離延長
新潟,3,未勝利,芝,1800,良(暫定),5,トレニアムーン,2歳,杉原誠人,清水英克,中距離,左回り,,ビッグアーサー,,距離延長
新潟,3,未勝利,芝,1800,良(暫定),6,グランセレスト,2歳,戸崎圭太,竹内正洋,中距離,左回り,,モーリス,,
新潟,3,未勝利,芝,1800,良(暫定),7,ガミーヌ,2歳,武藤雅,水野貴広,中距離,左回り,,フィエールマン,,距離延長
新潟,3,未勝利,芝,1800,良(暫定),8,ニンジャトットリ,2歳,木幡育也,松永康利,中距離,左回り,,ミッキーアイル,,距離延長
新潟,3,未勝利,芝,1800,良(暫定),9,キリミツ,2歳,石橋脩,勢司和浩,中距離,左回り,,ルヴァンスレーヴ,,距離延長
新潟,3,未勝利,芝,1800,良(暫定),10,ショウナンダイン,2歳,三浦皇成,森一誠,中距離,左回り,,サートゥルナーリア,,距離短縮
新潟,3,未勝利,芝,1800,良(暫定),11,ドナルンバ,2歳,荻野極,上原佑紀,中距離,左回り,,サトノアラジン,,距離延長
新潟,4,未勝利,ダート,1800,良(暫定),1,サクラカゼ,3歳,遠藤汰月,堀内岳志,中距離,左回り,,シルバーステート,,距離延長
新潟,4,未勝利,ダート,1800,良(暫定),2,ミンナデガンバル,3歳,上里直汰,西田雄一,中距離,左回り,,マクフィ,,
新潟,4,未勝利,ダート,1800,良(暫定),3,フクチャンダイオウ,3歳,江田照男,加藤征弘,中距離,左回り,,ロードカナロア,休明2走,距離延長
新潟,4,未勝利,ダート,1800,良(暫定),4,トーアケルキラ,3歳,坂井瑠星,辻哲英,中距離,左回り,,イスラボニータ,,
新潟,4,未勝利,ダート,1800,良(暫定),5,リカード,3歳,柴田大知,和田雄二,中距離,左回り,,サンダースノー,,距離延長
新潟,4,未勝利,ダート,1800,良(暫定),6,チェインズモーカー,3歳,石神深道,森一誠,中距離,左回り,,ヘニーヒューズ,,距離延長
新潟,4,未勝利,ダート,1800,良(暫定),7,ジュールスレーヴ,3歳,今村聖奈,粕谷昌央,中距離,左回り,,ロジャーバローズ,,
新潟,4,未勝利,ダート,1800,良(暫定),8,コロラマ,3歳,佐藤翔馬,松山将樹,中距離,左回り,,パドトロワ,休明2走,距離延長
新潟,4,未勝利,ダート,1800,良(暫定),9,ヴェルダリオ,3歳,菅原明良,高木登,中距離,左回り,,ゴールドシップ,,距離延長
新潟,4,未勝利,ダート,1800,良(暫定),10,ハットメリリー,3歳,菊沢一樹,菊沢隆徳,中距離,左回り,,フィエールマン,,
新潟,4,未勝利,ダート,1800,良(暫定),11,ユウオウマイシン,3歳,岩田望来,松永康利,中距離,左回り,,ニシケンモノノフ,,距離延長
新潟,4,未勝利,ダート,1800,良(暫定),12,ルクスエクレール,3歳,杉原誠人,大和田成,中距離,左回り,,オルフェーヴル,休明初戦,距離短縮
新潟,4,未勝利,ダート,1800,良(暫定),13,フランシュフック,3歳,内田博幸,木村哲也,中距離,左回り,,ヘニーヒューズ,,
新潟,4,未勝利,ダート,1800,良(暫定),14,エヌマエリシュ,3歳,荻野極,上原博之,中距離,左回り,,ルヴァンスレーヴ,休明3走,
新潟,4,未勝利,ダート,1800,良(暫定),15,ライヴスプーン,3歳,小林凌大,尾形和幸,中距離,左回り,,カリフォルニアクローム,連闘,
新潟,5,新馬,芝,1400,良(暫定),1,ロゼインパルス,2歳,遠藤汰月,伊藤伸一,短距離,左回り,,ストロングリターン,,
新潟,5,新馬,芝,1400,良(暫定),2,サクライズ,2歳,木幡育也,松永康利,短距離,左回り,,イスラボニータ,,
新潟,5,新馬,芝,1400,良(暫定),3,ドナソラーレ,2歳,荻野極,池上昌和,短距離,左回り,,タワーオブロンドン,,
新潟,5,新馬,芝,1400,良(暫定),4,サフランメロディ,2歳,谷原柚希,小野次郎,短距離,左回り,,ワールドエース,,
新潟,5,新馬,芝,1400,良(暫定),5,カシノサルパーレ,2歳,土田真翔,和田雄二,短距離,左回り,,ヘンリーバローズ,,
新潟,5,新馬,芝,1400,良(暫定),6,トンガリボウシ,2歳,上里直汰,加藤和宏,短距離,左回り,,シュヴァルグラン,,
新潟,5,新馬,芝,1400,良(暫定),7,フジガイフウ,2歳,菅原明良,岩戸孝樹,短距離,左回り,,ミスターメロディ,,
新潟,5,新馬,芝,1400,良(暫定),8,ラベンダーヘイズ,2歳,内田博幸,岩戸孝樹,短距離,左回り,,パドトロワ,,
新潟,5,新馬,芝,1400,良(暫定),9,グランマエストロ,2歳,ルメール,木村哲也,短距離,左回り,,エピファネイア,,
新潟,5,新馬,芝,1400,良(暫定),10,マスティカーレ,2歳,三浦皇成,西園翔太,短距離,左回り,,ダノンスマッシュ,,
新潟,5,新馬,芝,1400,良(暫定),11,ミツカネベネラ,2歳,津村明秀,鈴木伸尋,短距離,左回り,,モーリス,,
新潟,5,新馬,芝,1400,良(暫定),12,ラテラルパーム,2歳,戸崎圭太,栗田徹,短距離,左回り,,モーリス,,
新潟,5,新馬,芝,1400,良(暫定),13,ミツカネマルテ,2歳,菊沢一樹,本間忍,短距離,左回り,,シルバーステート,,
新潟,5,新馬,芝,1400,良(暫定),14,アーデントアイ,2歳,岩田望来,高柳大輔,短距離,左回り,,Volatile,,
新潟,5,新馬,芝,1400,良(暫定),15,ラウンドヒル,2歳,原優介,田島俊明,短距離,左回り,,ベストウォーリア,,
新潟,5,新馬,芝,1400,良(暫定),16,エッジアキュート,2歳,木幡巧也,大和田成,短距離,左回り,,イスラボニータ,,
新潟,5,新馬,芝,1400,良(暫定),17,サラサチャチャチャ,2歳,柴田大知,田中剛,短距離,左回り,,ダノンスマッシュ,,
新潟,5,新馬,芝,1400,良(暫定),18,シャオママル,2歳,大野拓弥,加藤士津,短距離,左回り,,アルアイン,,
新潟,6,未勝利,芝,1800,良(暫定),1,コッチャン,3歳,木幡初也,武市康男,中距離,左回り,,オルフェーヴル,,距離延長
新潟,6,未勝利,芝,1800,良(暫定),2,サイモングリット,3歳,原優介,勢司和浩,中距離,左回り,,アルアイン,,
新潟,6,未勝利,芝,1800,良(暫定),3,チェンジオブハート,3歳,岩田望来,田中博康,中距離,左回り,,ハービンジャー,,距離延長
新潟,6,未勝利,芝,1800,良(暫定),4,スマイルデイズ,3歳,横山琉人,辻哲英,中距離,左回り,,スワーヴリチャード,,距離延長
新潟,6,未勝利,芝,1800,良(暫定),5,フーイナム,3歳,丸山元気,森一誠,中距離,左回り,,モーリス,,
新潟,6,未勝利,芝,1800,良(暫定),6,ディベルティスマン,3歳,戸崎圭太,菊沢隆徳,中距離,左回り,,キズナ,,距離短縮
新潟,6,未勝利,芝,1800,良(暫定),7,バレエコア,3歳,荻野極,鈴木慎太,中距離,左回り,,ブリックスアンドモルタル,,距離短縮
新潟,6,未勝利,芝,1800,良(暫定),8,プリンセスロロ,3歳,吉田豊,戸田博文,中距離,左回り,,ストロングリターン,休明2走,距離延長
新潟,6,未勝利,芝,1800,良(暫定),9,スピアッジャローザ,3歳,菊沢一樹,蛯名利弘,中距離,左回り,,ビーチパトロール,,距離短縮
新潟,6,未勝利,芝,1800,良(暫定),10,ウインバーテックス,3歳,石神深道,清水英克,中距離,左回り,,ウインブライト,,
新潟,6,未勝利,芝,1800,良(暫定),11,コンサートマスター,3歳,菅原明良,黒岩陽一,中距離,左回り,,サトノダイヤモンド,,
新潟,6,未勝利,芝,1800,良(暫定),12,マイネルトラオム,3歳,津村明秀,深山雅史,中距離,左回り,,ノヴェリスト,,距離短縮
新潟,6,未勝利,芝,1800,良(暫定),13,キョウエイグッド,3歳,木幡巧也,千葉直人,中距離,左回り,,トーセンラー,連闘,距離短縮
新潟,6,未勝利,芝,1800,良(暫定),14,サルーポルティ,3歳,今村聖奈,国枝栄,中距離,左回り,,モーリス,休明3走,
新潟,6,未勝利,芝,1800,良(暫定),15,ストラスモアローズ,3歳,大野拓弥,堀宣行,中距離,左回り,,キズナ,休明初戦,距離延長
新潟,6,未勝利,芝,1800,良(暫定),16,フィーユチャン,3歳,坂井瑠星,斎藤誠,中距離,左回り,,モーリス,,距離延長
新潟,6,未勝利,芝,1800,良(暫定),17,ミヤビアミーラ,3歳,野中悠太,小島茂之,中距離,左回り,,サートゥルナーリア,,距離延長
新潟,6,未勝利,芝,1800,良(暫定),18,ユキノホワイト,3歳,上里直汰,小野次郎,中距離,左回り,,ウインブライト,休明2走,距離延長
新潟,7,未勝利,芝,1400,良(暫定),1,フェリシアムーン,3歳,嶋田純次,小野次郎,短距離,左回り,,アドマイヤムーン,,
新潟,7,未勝利,芝,1400,良(暫定),2,ナギサノバルコニー,3歳,菅原明良,伊坂重信,短距離,左回り,,ビッグアーサー,,距離延長
新潟,7,未勝利,芝,1400,良(暫定),3,ルージュアマリア,3歳,原優介,黒岩陽一,短距離,左回り,,ナダル,,
新潟,7,未勝利,芝,1400,良(暫定),4,マハーギータ,3歳,吉田豊,久保田貴,短距離,左回り,,バゴ,休明3走,距離延長
新潟,7,未勝利,芝,1400,良(暫定),5,アーラグラシア,3歳,ルメール,栗田徹,短距離,左回り,,レイデオロ,,距離短縮
新潟,7,未勝利,芝,1400,良(暫定),6,ジェイエルハーバー,3歳,田辺裕信,小西一男,短距離,左回り,,マクフィ,休明3走,距離延長
新潟,7,未勝利,芝,1400,良(暫定),7,フライエフェクト,3歳,野中悠太,小野次郎,短距離,左回り,,ジョーカプチーノ,休明2走,距離延長
新潟,7,未勝利,芝,1400,良(暫定),8,ワンダーカフェ,3歳,丸山元気,古賀慎明,短距離,左回り,,キンシャサノキセキ,,距離延長
新潟,7,未勝利,芝,1400,良(暫定),9,タイヨウノキセツ,3歳,三浦皇成,高柳瑞樹,短距離,左回り,,リオンディーズ,,距離延長
新潟,7,未勝利,芝,1400,良(暫定),10,ディラードテソーロ,3歳,柴田大知,畠山吉宏,短距離,左回り,,フィエールマン,休明初戦,距離延長
新潟,7,未勝利,芝,1400,良(暫定),11,クイーンラブ,3歳,菊沢一樹,伊藤大士,短距離,左回り,,エピファネイア,休明2走,
新潟,7,未勝利,芝,1400,良(暫定),12,レイククイ,3歳,木幡巧也,牧光二,短距離,左回り,,レイデオロ,休明初戦,距離短縮
新潟,7,未勝利,芝,1400,良(暫定),13,レッドキリアン,3歳,石川裕紀,奥村武,短距離,左回り,,エピファネイア,,距離延長
新潟,7,未勝利,芝,1400,良(暫定),14,ミズイロホルトゥス,3歳,岩田望来,金成貴史,短距離,左回り,,サートゥルナーリア,休明初戦,距離延長
新潟,7,未勝利,芝,1400,良(暫定),15,ライネリーベ,3歳,戸崎圭太,木村哲也,短距離,左回り,,サトノダイヤモンド,,
新潟,7,未勝利,芝,1400,良(暫定),16,マジョレル,3歳,遠藤汰月,黒岩陽一,短距離,左回り,,サトノクラウン,休明3走,距離短縮
新潟,7,未勝利,芝,1400,良(暫定),17,リーフアクアリウム,3歳,石神深道,伊藤大士,短距離,左回り,,Farnan,休明2走,距離延長
新潟,7,未勝利,芝,1400,良(暫定),18,ヨルハ,3歳,横山琉人,小島茂之,短距離,左回り,,サトノクラウン,休明2走,距離短縮
新潟,8,自己条件,ダート,1800,良(暫定),1,ブルーゴールド,5歳以上,野中悠太,根本康広,中距離,左回り,,アイファーソング,,
新潟,8,自己条件,ダート,1800,良(暫定),2,カゼノタカトシ,3歳,戸崎圭太,久保田貴,中距離,左回り,,レイデオロ,休明3走,
新潟,8,自己条件,ダート,1800,良(暫定),3,プライムブルー,4歳,武藤雅,尾形和幸,中距離,左回り,,マインドユアビスケッツ,休明2走,距離延長
新潟,8,自己条件,ダート,1800,良(暫定),4,ミダース,4歳,ルメール,栗田徹,中距離,左回り,,レイデオロ,休明2走,距離延長
新潟,8,自己条件,ダート,1800,良(暫定),5,シャドウキャッスル,3歳,石神深道,田中勝春,中距離,左回り,,イスラボニータ,休明2走,距離延長
新潟,8,自己条件,ダート,1800,良(暫定),6,ウインユアソング,5歳以上,原優介,根本康広,中距離,左回り,,ロージズインメイ,,距離短縮
新潟,8,自己条件,ダート,1800,良(暫定),7,ゴットランド,3歳,横山琉人,斎藤誠,中距離,左回り,,リオンディーズ,,
新潟,8,自己条件,ダート,1800,良(暫定),8,ホウオウラムセス,4歳,石川裕紀,加藤和宏,中距離,左回り,,エピファネイア,休明初戦,距離延長
新潟,8,自己条件,ダート,1800,良(暫定),9,サンカルミア,4歳,菊沢一樹,伊坂重信,中距離,左回り,,ロージズインメイ,連闘,
新潟,8,自己条件,ダート,1800,良(暫定),10,ダイオジェナイト,4歳,内田博幸,稲垣幸雄,中距離,左回り,,リアルインパクト,休明初戦,距離延長
新潟,9,自己条件,芝,1400,良(暫定),1,セナマリン,3歳,岩田望来,安田翔伍,短距離,左回り,,デクラレーションオブウォー,休明初戦,距離短縮
新潟,9,自己条件,芝,1400,良(暫定),2,ハルオーブ,5歳以上,内田博幸,武井亮,短距離,左回り,,ディーマジェスティ,,
新潟,9,自己条件,芝,1400,良(暫定),3,レッドレナート,4歳,原優介,手塚貴久,短距離,左回り,,レッドファルクス,休明3走,距離短縮
新潟,9,自己条件,芝,1400,良(暫定),4,マジカルワード,5歳以上,嶋田純次,大竹正博,短距離,左回り,,ハーツクライ,休明3走,
新潟,9,自己条件,芝,1400,良(暫定),5,ウフドゥウフ,3歳,木幡巧也,上原博之,短距離,左回り,,エピファネイア,,
新潟,9,自己条件,芝,1400,良(暫定),6,イヴニングスター,5歳以上,菊沢一樹,戸田博文,短距離,左回り,,ロードカナロア,休明3走,距離短縮
新潟,9,自己条件,芝,1400,良(暫定),7,バシレイア,3歳,武藤雅,西田雄一,短距離,左回り,,ミッキーアイル,,距離延長
新潟,9,自己条件,芝,1400,良(暫定),8,エコロライジン,4歳,菅原明良,矢野英一,短距離,左回り,,バゴ,休明3走,距離短縮
新潟,9,自己条件,芝,1400,良(暫定),9,ニシノヒナアラレ,3歳,野中悠太,根本康広,短距離,左回り,,モズアスコット,,
新潟,9,自己条件,芝,1400,良(暫定),10,イェルマーク,4歳,杉原誠人,西田雄一,短距離,左回り,,Blue Point,休明2走,距離延長
新潟,9,自己条件,芝,1400,良(暫定),11,スマッシュアウト,3歳,大野拓弥,栗田徹,短距離,左回り,,サートゥルナーリア,,距離延長
新潟,9,自己条件,芝,1400,良(暫定),12,ミエノブラボー,4歳,ルメール,田中勝春,短距離,左回り,,リオンディーズ,休明初戦,距離延長
新潟,9,自己条件,芝,1400,良(暫定),13,ソードマスター,3歳,丸田恭介,斎藤誠,短距離,左回り,,エピファネイア,休明2走,
新潟,9,自己条件,芝,1400,良(暫定),14,ベラジオワールド,3歳,戸崎圭太,伊藤大士,短距離,左回り,,Exceedance,休明初戦,
新潟,9,自己条件,芝,1400,良(暫定),15,ララヴィエルジュ,4歳,西村太一,堀内岳志,短距離,左回り,,ヴィクトワールピサ,休明2走,距離延長
新潟,9,自己条件,芝,1400,良(暫定),16,フロウアンドライム,3歳,田辺裕信,大和田成,短距離,左回り,,ラブリーデイ,,
新潟,9,自己条件,芝,1400,良(暫定),17,マニス,3歳,丸山元気,畠山吉宏,短距離,左回り,,グレーターロンドン,,距離短縮
新潟,9,自己条件,芝,1400,良(暫定),18,ポッドロワール,3歳,荻野極,畠山吉宏,短距離,左回り,,レイデオロ,休明初戦,
新潟,10,自己条件,芝,1800,良(暫定),1,グレイトクラウン,4歳,木幡巧也,松山将樹,中距離,左回り,,サトノクラウン,休明2走,
新潟,10,自己条件,芝,1800,良(暫定),2,デファイ,4歳,横山琉人,斎藤誠,中距離,左回り,,ヴィクトワールピサ,,距離延長
新潟,10,自己条件,芝,1800,良(暫定),3,ロゼル,5歳以上,杉原誠人,大和田成,中距離,左回り,,シルバーステート,,
新潟,10,自己条件,芝,1800,良(暫定),4,ツルマウカタチ,4歳,嶋田純次,手塚貴久,中距離,左回り,,ヤングマンパワー,休明初戦,
新潟,10,自己条件,芝,1800,良(暫定),5,ジーティームソウ,4歳,戸崎圭太,西村真幸,中距離,左回り,,エピファネイア,休明初戦,
新潟,10,自己条件,芝,1800,良(暫定),6,クリニクラウン,5歳以上,大野拓弥,小手川準,中距離,左回り,,トビーズコーナー,,
新潟,10,自己条件,芝,1800,良(暫定),7,フォルラニーニ,4歳,ルメール,手塚貴久,中距離,左回り,,エピファネイア,,
新潟,10,自己条件,芝,1800,良(暫定),8,ニシノレバンテ,5歳以上,武藤雅,水野貴広,中距離,左回り,,イスラボニータ,,距離短縮
新潟,10,自己条件,芝,1800,良(暫定),9,ピンキープロミス,5歳以上,石川裕紀,畠山吉宏,中距離,左回り,,ゴールドシップ,,距離短縮
新潟,10,自己条件,芝,1800,良(暫定),10,アスクセクシーモア,3歳,岩田望来,福永祐一,中距離,左回り,,キタサンブラック,,距離延長
新潟,10,自己条件,芝,1800,良(暫定),11,ルトゥール,4歳,内田博幸,中内田充,中距離,左回り,,モーリス,,
新潟,10,自己条件,芝,1800,良(暫定),12,ヤマニンループ,5歳以上,石橋脩,松永幹夫,中距離,左回り,,ディープインパクト,,
新潟,10,自己条件,芝,1800,良(暫定),13,ティンク,4歳,吉田豊,久保田貴,中距離,左回り,,ダイワメジャー,,距離短縮
新潟,11,自己条件,芝,2200,良(暫定),1,メジャークロニクル,5歳以上,柴田大知,栗田徹,中距離,左回り,,ダイワメジャー,休明2走,距離延長
新潟,11,自己条件,芝,2200,良(暫定),2,フェミナフォルテ,5歳以上,木幡巧也,小島茂之,中距離,左回り,,エピファネイア,,距離延長
新潟,11,自己条件,芝,2200,良(暫定),3,アドマイヤサジー,5歳以上,石川裕紀,宮田敬介,中距離,左回り,,ハービンジャー,,距離短縮
新潟,11,自己条件,芝,2200,良(暫定),4,ゲルチュタール,3歳,坂井瑠星,杉山晴紀,中距離,左回り,,ブリックスアンドモルタル,,距離短縮
新潟,11,自己条件,芝,2200,良(暫定),5,オールセインツ,4歳,岩田望来,友道康夫,中距離,左回り,,キズナ,休明3走,距離延長
新潟,11,自己条件,芝,2200,良(暫定),6,キャントウェイト,4歳,津村明秀,萱野浩二,中距離,左回り,,ゴールドシップ,,距離延長
新潟,11,自己条件,芝,2200,良(暫定),7,コスモシャングリラ,5歳以上,石橋脩,水野貴広,中距離,左回り,,ハーツクライ,休明3走,距離延長
新潟,11,自己条件,芝,2200,良(暫定),8,タイセイフェリーク,5歳以上,菅原明良,田中克典,中距離,左回り,,ミッキーロケット,,距離短縮
新潟,11,自己条件,芝,2200,良(暫定),9,ファンタジア,5歳以上,大野拓弥,堀宣行,中距離,左回り,,ハービンジャー,休明初戦,
新潟,11,自己条件,芝,2200,良(暫定),10,ウインオーディン,5歳以上,荻野極,鹿戸雄一,中距離,左回り,,エピファネイア,,距離延長
新潟,11,自己条件,芝,2200,良(暫定),11,ナイトインロンドン,5歳以上,田辺裕信,大竹正博,中距離,左回り,,グレーターロンドン,,
新潟,11,自己条件,芝,2200,良(暫定),12,イヤサカ,5歳以上,江田照男,天間昭一,中距離,左回り,,アイルハヴアナザー,,
新潟,11,自己条件,芝,2200,良(暫定),13,ドラゴンヘッド,5歳以上,横山琉人,武藤善則,中距離,左回り,,ラブリーデイ,,距離延長
新潟,11,自己条件,芝,2200,良(暫定),14,ロジシルバー,5歳以上,野中悠太,宮田敬介,中距離,左回り,,シルバーステート,,距離延長
新潟,11,自己条件,芝,2200,良(暫定),15,ハギノアルデバラン,5歳以上,菊沢一樹,佐藤悠太,中距離,左回り,,ジャスタウェイ,休明2走,距離延長
新潟,11,自己条件,芝,2200,良(暫定),16,サダムオプシス,4歳,藤懸貴志,平田修,中距離,左回り,,ルーラーシップ,,距離延長
新潟,12,自己条件,ダート,1200,良(暫定),1,ハヌル,4歳,嶋田純次,岩戸孝樹,短距離,左回り,,トゥザグローリー,,
新潟,12,自己条件,ダート,1200,良(暫定),2,アドリアフレイバー,3歳,今村聖奈,久保田貴,短距離,左回り,,ニューイヤーズデイ,,距離延長
新潟,12,自己条件,ダート,1200,良(暫定),3,タッカー,4歳,石神深道,清水英克,短距離,左回り,,ミッキーロケット,休明初戦,
新潟,12,自己条件,ダート,1200,良(暫定),4,トモジャシーマ,5歳以上,津村明秀,鈴木伸尋,短距離,左回り,,シャンハイボビー,休明初戦,
新潟,12,自己条件,ダート,1200,良(暫定),5,ボエーム,4歳,原優介,石栗龍彦,短距離,左回り,,アニマルキングダム,,
新潟,12,自己条件,ダート,1200,良(暫定),6,サクラサルーテ,4歳,内田博幸,田島俊明,短距離,左回り,,シャンハイボビー,休明初戦,
新潟,12,自己条件,ダート,1200,良(暫定),7,リトルミム,5歳以上,上里直汰,上原博之,短距離,左回り,,ダイワメジャー,休明初戦,距離短縮
新潟,12,自己条件,ダート,1200,良(暫定),8,ミスエル,4歳,菊沢一樹,菊沢隆徳,短距離,左回り,,ディスクリートキャット,,
新潟,12,自己条件,ダート,1200,良(暫定),9,インファンタ,4歳,遠藤汰月,堀内岳志,短距離,左回り,,キンシャサノキセキ,休明2走,距離延長
新潟,12,自己条件,ダート,1200,良(暫定),10,レゼールドラペ,3歳,石川裕紀,高柳瑞樹,短距離,左回り,,デクラレーションオブウォー,休明初戦,距離短縮
新潟,12,自己条件,ダート,1200,良(暫定),11,アツキヤマト,4歳,小林凌大,小西一男,短距離,左回り,,マルターズアポジー,休明2走,
新潟,12,自己条件,ダート,1200,良(暫定),12,エコロヴァイス,3歳,大野拓弥,堀宣行,短距離,左回り,,Unified,休明2走,距離延長
新潟,12,自己条件,ダート,1200,良(暫定),13,トキメキジニア,3歳,丸田恭介,佐藤吉勝,短距離,左回り,,コパノリッキー,休明初戦,距離短縮
新潟,12,自己条件,ダート,1200,良(暫定),14,ケイツーギルダー,3歳,荻野極,千葉直人,短距離,左回り,,アジアエクスプレス,休明初戦,距離短縮
新潟,12,自己条件,ダート,1200,良(暫定),15,ディーン,5歳以上,木幡初也,本間忍,短距離,左回り,,ザサンデーフサイチ,休明初戦,距離短縮
中京,1,未勝利,芝,2000,良(暫定),1,ワンダフルデイズ,2歳,団野大成,高橋義忠,中距離,左回り,,ルーラーシップ,,距離延長
中京,1,未勝利,芝,2000,良(暫定),2,ライツェントライゼ,2歳,菱田裕二,梅田智之,中距離,左回り,,リオンディーズ,,
中京,1,未勝利,芝,2000,良(暫定),3,ティアーズクィーン,2歳,田口貫太,平田修,中距離,左回り,,リアルスティール,,距離延長
中京,1,未勝利,芝,2000,良(暫定),4,チョウモーレツ,2歳,川端海翼,羽月友彦,中距離,左回り,,レイデオロ,,
中京,1,未勝利,芝,2000,良(暫定),5,ルクスディグニティ,2歳,長岡禎仁,昆貢,中距離,左回り,,リオンディーズ,,
中京,1,未勝利,芝,2000,良(暫定),6,チェルヴァーラ,2歳,北村友一,松下武士,中距離,左回り,,エピファネイア,,
中京,1,未勝利,芝,2000,良(暫定),7,サラサチャーミング,2歳,松山弘平,高柳大輔,中距離,左回り,,エピファネイア,,距離延長
中京,1,未勝利,芝,2000,良(暫定),8,ビアリッツ,2歳,田山旺佑,北出成人,中距離,左回り,,ダノンスマッシュ,,
中京,1,未勝利,芝,2000,良(暫定),9,テイクザスローン,2歳,富田暁,武英智,中距離,左回り,,サトノクラウン,,距離延長
中京,1,未勝利,芝,2000,良(暫定),10,リアライズブラーヴ,2歳,川田将雅,杉山晴紀,中距離,左回り,,エピファネイア,,距離延長
中京,1,未勝利,芝,2000,良(暫定),11,エチゴドラゴン,2歳,松若風馬,宮本博,中距離,左回り,,リアルスティール,,
中京,1,未勝利,芝,2000,良(暫定),12,カラペルソナ,2歳,吉村誠之,斉藤崇史,中距離,左回り,,エピファネイア,,
中京,2,未勝利,ダート,1800,良(暫定),1,グッドホース,2歳,泉谷楓真,杉山晴紀,中距離,左回り,,ルーラーシップ,,距離延長
中京,2,未勝利,ダート,1800,良(暫定),2,ガウラディスコ,2歳,松若風馬,高柳大輔,中距離,左回り,,クリソベリル,,
中京,2,未勝利,ダート,1800,良(暫定),3,ジョウショーブリエ,2歳,菱田裕二,中尾秀正,中距離,左回り,,ヘンリーバローズ,,距離延長
中京,2,未勝利,ダート,1800,良(暫定),4,サンブル,2歳,田山旺佑,浜田多実,中距離,左回り,,ナダル,,距離延長
中京,2,未勝利,ダート,1800,良(暫定),5,ダーリンダーリン,2歳,中井裕二,秋山真一,中距離,左回り,,ダノンキングリー,,距離短縮
中京,2,未勝利,ダート,1800,良(暫定),6,シャローファースト,2歳,岩田康誠,安田翔伍,中距離,左回り,,クリソベリル,,
中京,2,未勝利,ダート,1800,良(暫定),7,メッチャエエヤン,2歳,高杉吏麒,宮徹,中距離,左回り,,シャンハイボビー,,距離延長
中京,2,未勝利,ダート,1800,良(暫定),8,ダンツシタン,2歳,団野大成,本田優,中距離,左回り,,パイロ,,
中京,2,未勝利,ダート,1800,良(暫定),9,オーバーランダー,2歳,富田暁,加藤公太,中距離,左回り,,モーニン,,距離短縮
中京,2,未勝利,ダート,1800,良(暫定),10,ケイアイアマゾン,2歳,川須栄彦,秋山真一,中距離,左回り,,マインドユアビスケッツ,,
中京,2,未勝利,ダート,1800,良(暫定),11,カレイジャスビート,2歳,北村友一,高野友和,中距離,左回り,,リアルスティール,,距離延長
中京,2,未勝利,ダート,1800,良(暫定),12,サマーマッドネス,2歳,川田将雅,森秀行,中距離,左回り,,Good Magic,,
中京,2,未勝利,ダート,1800,良(暫定),13,マルーンドライブ,2歳,田口貫太,庄野靖志,中距離,左回り,,スワーヴリチャード,,
中京,2,未勝利,ダート,1800,良(暫定),14,スマイルガーデン,2歳,小沢大仁,西村真幸,中距離,左回り,,ナダル,,距離延長
中京,3,未勝利,芝,2200,良(暫定),1,リーティアコナル,3歳,小崎綾也,友道康夫,中距離,左回り,,Kingman,,距離延長
中京,3,未勝利,芝,2200,良(暫定),2,サイモンノーブル,3歳,高杉吏麒,梅田智之,中距離,左回り,,ハービンジャー,,
中京,3,未勝利,芝,2200,良(暫定),3,シュパネントダイヤ,3歳,川田将雅,吉村圭司,中距離,左回り,,サトノダイヤモンド,休明3走,距離延長
中京,3,未勝利,芝,2200,良(暫定),4,タイキフィアリーベ,3歳,西塚洸二,中尾秀正,中距離,左回り,,ラブリーデイ,,
中京,3,未勝利,芝,2200,良(暫定),5,マイネルビスマルク,3歳,松若風馬,梅田智之,中距離,左回り,,ゴールドシップ,,距離延長
中京,3,未勝利,芝,2200,良(暫定),6,アサガクル,3歳,団野大成,小崎憲,中距離,左回り,,エピファネイア,,距離延長
中京,3,未勝利,芝,2200,良(暫定),7,リビングストン,3歳,松山弘平,吉岡辰弥,中距離,左回り,,エピファネイア,,
中京,3,未勝利,芝,2200,良(暫定),8,ルセルマンダムール,3歳,角田大和,松永幹夫,中距離,左回り,,アドマイヤマーズ,,距離延長
中京,3,未勝利,芝,2200,良(暫定),9,シーラスストリーク,3歳,富田暁,武英智,中距離,左回り,,キズナ,,距離延長
中京,3,未勝利,芝,2200,良(暫定),10,フガート,3歳,国分優作,坂口智康,中距離,左回り,,エイシンヒカリ,休明2走,距離延長
中京,3,未勝利,芝,2200,良(暫定),11,ティプタラ,3歳,菱田裕二,友道康夫,中距離,左回り,,Dubawi,,距離延長
中京,3,未勝利,芝,2200,良(暫定),12,マジェスティルール,3歳,川端海翼,荒川義之,中距離,左回り,,ルーラーシップ,,距離延長
中京,3,未勝利,芝,2200,良(暫定),13,ポジターノ,3歳,永島まな,飯田祐史,中距離,左回り,,オルフェーヴル,,距離延長
中京,3,未勝利,芝,2200,良(暫定),14,ネオクイーン,3歳,河原田菜,藤原英昭,中距離,左回り,,サートゥルナーリア,,距離延長
中京,3,未勝利,芝,2200,良(暫定),15,レッドサジェス,3歳,吉村誠之,清水久詞,中距離,左回り,,リアルスティール,休明3走,距離延長
中京,4,未勝利,ダート,1800,良(暫定),1,スリーローズ,3歳,和田翼,谷潔,中距離,左回り,,スズカコーズウェイ,,
中京,4,未勝利,ダート,1800,良(暫定),2,ジャスティンロング,3歳,田口貫太,吉岡辰弥,中距離,左回り,,ルヴァンスレーヴ,,
中京,4,未勝利,ダート,1800,良(暫定),3,ランドオブファイア,3歳,岩田康誠,茶木太樹,中距離,左回り,,ゴールスキー,,距離延長
中京,4,未勝利,ダート,1800,良(暫定),4,フランキーバローズ,3歳,川田将雅,池江泰寿,中距離,左回り,,オルフェーヴル,,
中京,4,未勝利,ダート,1800,良(暫定),5,エーグルドール,3歳,田山旺佑,橋口慎介,中距離,左回り,,ブリックスアンドモルタル,休明2走,距離延長
中京,4,未勝利,ダート,1800,良(暫定),6,ブラックレイ,3歳,吉村誠之,河嶋宏樹,中距離,左回り,,キタサンブラック,休明初戦,距離短縮
中京,4,未勝利,ダート,1800,良(暫定),7,クリノエドガー,3歳,城戸義政,荒川義之,中距離,左回り,,アジアエクスプレス,,距離短縮
中京,4,未勝利,ダート,1800,良(暫定),8,モルテンコア,3歳,菱田裕二,岡田稲男,中距離,左回り,,パイロ,休明初戦,
中京,4,未勝利,ダート,1800,良(暫定),9,アメリカンバー,3歳,富田暁,宮地貴稔,中距離,左回り,,キズナ,,
中京,4,未勝利,ダート,1800,良(暫定),10,オーラエグザート,3歳,高杉吏麒,藤岡健一,中距離,左回り,,American Pharoah,休明初戦,
中京,4,未勝利,ダート,1800,良(暫定),11,イフウドウドウ,3歳,角田大和,角田晃一,中距離,左回り,,ルヴァンスレーヴ,,
中京,4,未勝利,ダート,1800,良(暫定),12,ペプチドモガミ,3歳,松山弘平,武英智,中距離,左回り,,コパノリッキー,,
中京,4,未勝利,ダート,1800,良(暫定),13,キタノチェンジ,3歳,川端海翼,羽月友彦,中距離,左回り,,ベストウォーリア,,距離延長
中京,4,未勝利,ダート,1800,良(暫定),14,バルミラクル,3歳,鮫島良太,河嶋宏樹,中距離,左回り,,マクフィ,,
中京,4,未勝利,ダート,1800,良(暫定),15,ハッピーダンチャン,3歳,西塚洸二,小椋研介,中距離,左回り,,ダンカーク,,
中京,4,未勝利,ダート,1800,良(暫定),16,プルクワ,3歳,団野大成,奥村豊,中距離,左回り,,サートゥルナーリア,,距離延長
中京,5,新馬,芝,1400,良(暫定),1,フロムレイブン,2歳,川田将雅,坂口智康,短距離,左回り,,タワーオブロンドン,,
中京,5,新馬,芝,1400,良(暫定),2,フルールジェンヌ,2歳,田口貫太,鈴木孝志,短距離,左回り,,ミッキーアイル,,
中京,5,新馬,芝,1400,良(暫定),3,オンザノアール,2歳,小沢大仁,佐藤悠太,短距離,左回り,,インディチャンプ,,
中京,5,新馬,芝,1400,良(暫定),4,ロゼア,2歳,高杉吏麒,高野友和,短距離,左回り,,キズナ,,
中京,5,新馬,芝,1400,良(暫定),5,セレブトーチ,2歳,松山弘平,坂口智康,短距離,左回り,,ダノンスマッシュ,,
中京,5,新馬,芝,1400,良(暫定),6,パノラマステージ,2歳,吉村誠之,牧浦充徳,短距離,左回り,,レイデオロ,,
中京,5,新馬,芝,1400,良(暫定),7,テーオーアンジェラ,2歳,松若風馬,梅田智之,短距離,左回り,,ゴールドドリーム,,
中京,5,新馬,芝,1400,良(暫定),8,ルナーマンス,2歳,団野大成,斉藤崇史,短距離,左回り,,シルバーステート,,
中京,5,新馬,芝,1400,良(暫定),9,クロスボーダー,2歳,北村友一,小林真也,短距離,左回り,,リアルスティール,,
中京,5,新馬,芝,1400,良(暫定),10,キーテーマ,2歳,長岡禎仁,宮徹,短距離,左回り,,エポカドーロ,,
中京,6,未勝利,芝,1600,良(暫定),1,ルクスフレンジー,3歳,酒井学,松永幹夫,短距離,左回り,,モーリス,,
中京,6,未勝利,芝,1600,良(暫定),2,メイショウロンド,3歳,富田暁,千田輝彦,短距離,左回り,,ロジャーバローズ,,距離延長
中京,6,未勝利,芝,1600,良(暫定),3,ジュヌフィーユ,3歳,田口貫太,四位洋文,短距離,左回り,,キズナ,,
中京,6,未勝利,芝,1600,良(暫定),4,ダノンブギ,3歳,川田将雅,安田翔伍,短距離,左回り,,エピファネイア,休明初戦,
中京,6,未勝利,芝,1600,良(暫定),5,ストンプ,3歳,吉村誠之,清水久詞,短距離,左回り,,ドゥラメンテ,,
中京,6,未勝利,芝,1600,良(暫定),6,ハツナギ,3歳,西塚洸二,藤原英昭,短距離,左回り,,Night of Thunder,,距離延長
中京,6,未勝利,芝,1600,良(暫定),7,ローレルランウェイ,3歳,太宰啓介,昆貢,短距離,左回り,,エポカドーロ,,距離延長
中京,6,未勝利,芝,1600,良(暫定),8,ホルンフェルス,3歳,鮫島良太,河嶋宏樹,短距離,左回り,,リオンディーズ,,距離延長
中京,6,未勝利,芝,1600,良(暫定),9,アッケシ,3歳,高杉吏麒,西園正都,短距離,左回り,,Blue Point,,
中京,6,未勝利,芝,1600,良(暫定),10,ウインロゼライト,3歳,永島まな,寺島良,短距離,左回り,,リアルスティール,,距離延長
中京,6,未勝利,芝,1600,良(暫定),11,ウチナータイム,3歳,小沢大仁,中内田充,短距離,左回り,,ロードカナロア,,距離短縮
中京,6,未勝利,芝,1600,良(暫定),12,サトノビエント,3歳,団野大成,上村洋行,短距離,左回り,,ブリックスアンドモルタル,,
中京,6,未勝利,芝,1600,良(暫定),13,ダノンブランニュー,3歳,岩田康誠,福永祐一,短距離,左回り,,ミッキーアイル,,距離短縮
中京,6,未勝利,芝,1600,良(暫定),14,ヴェルニッツ,3歳,松若風馬,杉山晴紀,短距離,左回り,,ロードカナロア,休明3走,
中京,6,未勝利,芝,1600,良(暫定),15,アラバンサ,3歳,国分優作,矢作芳人,短距離,左回り,,サートゥルナーリア,,距離延長
中京,6,未勝利,芝,1600,良(暫定),16,タイセイフィオーレ,3歳,松山弘平,高野友和,短距離,左回り,,エピファネイア,,
中京,7,自己条件,ダート,1800,良(暫定),1,キミオモウハナ,3歳,秋山稔樹,杉山佳明,中距離,左回り,,ルヴァンスレーヴ,,距離延長
中京,7,自己条件,ダート,1800,良(暫定),2,ウィンターガーデン,4歳,松山弘平,武幸四郎,中距離,左回り,,リアルインパクト,,距離延長
中京,7,自己条件,ダート,1800,良(暫定),3,ブラックドレス,4歳,永島まな,谷潔,中距離,左回り,,ブラックタイド,,
中京,7,自己条件,ダート,1800,良(暫定),4,ヒロインズクレスト,4歳,高杉吏麒,本田優,中距離,左回り,,スクリーンヒーロー,休明初戦,
中京,7,自己条件,ダート,1800,良(暫定),5,マハナ,4歳,西塚洸二,井上智史,中距離,左回り,,ハービンジャー,,
中京,7,自己条件,ダート,1800,良(暫定),6,オーケーエンジェル,3歳,富田暁,笹田和秀,中距離,左回り,,ナダル,,
中京,7,自己条件,ダート,1800,良(暫定),7,カフェロワイヤル,3歳,団野大成,小林真也,中距離,左回り,,パイロ,,距離延長
中京,7,自己条件,ダート,1800,良(暫定),8,ハイウェイスター,4歳,川田将雅,宮本博,中距離,左回り,,アメリカンペイトリオット,休明3走,距離延長
中京,7,自己条件,ダート,1800,良(暫定),9,シゲルオトヒメ,5歳以上,和田翼,谷潔,中距離,左回り,,ベルシャザール,休明初戦,距離短縮
中京,7,自己条件,ダート,1800,良(暫定),10,オーケアニス,3歳,北村友一,松永幹夫,中距離,左回り,,ロードカナロア,,
中京,8,自己条件,芝,2000,良(暫定),1,ラッキーベイ,3歳,松山弘平,今野貞一,中距離,左回り,,モーリス,休明2走,
中京,8,自己条件,芝,2000,良(暫定),2,ニュークレド,3歳,高杉吏麒,石坂公一,中距離,左回り,,ブリックスアンドモルタル,,
中京,8,自己条件,芝,2000,良(暫定),3,オーシンエス,3歳,松若風馬,宮徹,中距離,左回り,,デクラレーションオブウォー,,
中京,8,自己条件,芝,2000,良(暫定),4,ピースヒロフェイス,4歳,吉村誠之,牧光二,中距離,左回り,,サトノダイヤモンド,,
中京,8,自己条件,芝,2000,良(暫定),5,テンクウハット,5歳以上,太宰啓介,渡辺薫彦,中距離,左回り,,モーリス,休明2走,距離延長
中京,8,自己条件,芝,2000,良(暫定),6,グランデスフィーダ,5歳以上,岩田康誠,佐藤悠太,中距離,左回り,,ドゥラメンテ,,距離短縮
中京,8,自己条件,芝,2000,良(暫定),7,ジョイエッロ,3歳,田口貫太,池江泰寿,中距離,左回り,,ドゥラメンテ,休明初戦,
中京,8,自己条件,芝,2000,良(暫定),8,オーサムユニバンス,4歳,富田暁,平田修,中距離,左回り,,レイデオロ,,距離短縮
中京,9,自己条件,ダート,1200,良(暫定),1,ホークマン,4歳,国分恭介,粕谷昌央,短距離,左回り,,ホークビル,,距離短縮
中京,9,自己条件,ダート,1200,良(暫定),2,チェイスザウェイ,5歳以上,長岡禎仁,伊藤圭三,短距離,左回り,,ジャスタウェイ,,距離短縮
中京,9,自己条件,ダート,1200,良(暫定),3,ホウショウマリス,3歳,小沢大仁,井上智史,短距離,左回り,,ドレフォン,休明3走,距離短縮
中京,9,自己条件,ダート,1200,良(暫定),4,ランウインディ,4歳,国分優作,中尾秀正,短距離,左回り,,エスポワールシチー,,
中京,9,自己条件,ダート,1200,良(暫定),5,アネモス,5歳以上,秋山稔樹,北出成人,短距離,左回り,,ビッグアーサー,休明2走,
中京,9,自己条件,ダート,1200,良(暫定),6,ミロワール,5歳以上,酒井学,河嶋宏樹,短距離,左回り,,ロードカナロア,,距離延長
中京,9,自己条件,ダート,1200,良(暫定),7,エコロネオ,4歳,松若風馬,森秀行,短距離,左回り,,Bernardini,,
中京,9,自己条件,ダート,1200,良(暫定),8,タカネノハナコサン,5歳以上,中井裕二,緒方努,短距離,左回り,,カレンブラックヒル,休明初戦,距離延長
中京,9,自己条件,ダート,1200,良(暫定),9,ストリンジェンド,5歳以上,北村友一,加藤公太,短距離,左回り,,キンシャサノキセキ,,
中京,9,自己条件,ダート,1200,良(暫定),10,ペプチドシュチク,4歳,高倉稜,武英智,短距離,左回り,,ブリックスアンドモルタル,休明2走,距離延長
中京,9,自己条件,ダート,1200,良(暫定),11,スペシャルナンバー,5歳以上,岩田康誠,西村真幸,短距離,左回り,,リオンディーズ,休明2走,
中京,9,自己条件,ダート,1200,良(暫定),12,アスタールフナ,3歳,高杉吏麒,中竹和也,短距離,左回り,,ジョーカプチーノ,休明3走,
中京,9,自己条件,ダート,1200,良(暫定),13,アメリカンビキニ,3歳,団野大成,斉藤崇史,短距離,左回り,,American Pharoah,,
中京,9,自己条件,ダート,1200,良(暫定),14,メイショウヤーキス,4歳,菱田裕二,飯田祐史,短距離,左回り,,シニスターミニスター,休明初戦,
中京,9,自己条件,ダート,1200,良(暫定),15,ヨシノヤッタルデー,4歳,角田大和,中竹和也,短距離,左回り,,ファインニードル,,
中京,9,自己条件,ダート,1200,良(暫定),16,エールレヴリー,5歳以上,富田暁,武英智,短距離,左回り,,ダイワメジャー,,距離短縮
中京,10,自己条件,芝,1400,良(暫定),1,ベルタソ,5歳以上,小崎綾也,小崎憲,短距離,左回り,,ミッキーアイル,連闘,
中京,10,自己条件,芝,1400,良(暫定),2,ホウオウサンデー,5歳以上,小沢大仁,井上智史,短距離,左回り,,キングカメハメハ,,距離短縮
中京,10,自己条件,芝,1400,良(暫定),3,ヨウシタンレイ,5歳以上,松山弘平,藤野健太,短距離,左回り,,サトノアラジン,休明3走,距離短縮
中京,10,自己条件,芝,1400,良(暫定),4,クイックバイオ,4歳,酒井学,畑端省吾,短距離,左回り,,ブリックスアンドモルタル,,
中京,10,自己条件,芝,1400,良(暫定),5,アドマイヤジェイ,5歳以上,団野大成,友道康夫,短距離,左回り,,ロードカナロア,休明2走,
中京,10,自己条件,芝,1400,良(暫定),6,コト,4歳,高杉吏麒,野中賢二,短距離,左回り,,キズナ,休明3走,
中京,10,自己条件,芝,1400,良(暫定),7,ジオパーククラウン,5歳以上,吉村誠之,長谷川浩,短距離,左回り,,サトノクラウン,連闘,距離短縮
中京,10,自己条件,芝,1400,良(暫定),8,ダノンキラウェア,4歳,川田将雅,中内田充,短距離,左回り,,ロードカナロア,休明3走,
中京,10,自己条件,芝,1400,良(暫定),9,スマートルシーダ,5歳以上,松若風馬,東田明士,短距離,左回り,,ディープインパクト,休明2走,距離延長
中京,10,自己条件,芝,1400,良(暫定),10,タガノアンファン,3歳,菱田裕二,石坂公一,短距離,左回り,,レッドベルジュール,休明2走,
中京,10,自己条件,芝,1400,良(暫定),11,ケーブパール,4歳,北村友一,友道康夫,短距離,左回り,,ブリックスアンドモルタル,休明初戦,距離短縮
中京,11,OP,ダート,1800,良(暫定),1,ハピ,5歳以上,菱田裕二,大久保龍,中距離,左回り,,キズナ,休明3走,距離短縮
中京,11,OP,ダート,1800,良(暫定),2,マリオロード,5歳以上,岩田康誠,安達昭夫,中距離,左回り,,キタサンブラック,,
中京,11,OP,ダート,1800,良(暫定),3,サンマルパトロール,5歳以上,酒井学,大橋勇樹,中距離,左回り,,ビーチパトロール,休明初戦,距離短縮
中京,11,OP,ダート,1800,良(暫定),4,テーオーパスワード,4歳,松山弘平,高柳大輔,中距離,左回り,,コパノリッキー,休明初戦,距離短縮
中京,11,OP,ダート,1800,良(暫定),5,リアレスト,4歳,吉村誠之,尾関知人,中距離,左回り,,リアルスティール,休明2走,距離短縮
中京,11,OP,ダート,1800,良(暫定),6,プリンスミノル,5歳以上,富田暁,中舘英二,中距離,左回り,,ベーカバド,休明初戦,
中京,11,OP,ダート,1800,良(暫定),7,タイセイドレフォン,5歳以上,田口貫太,西村真幸,中距離,左回り,,ドレフォン,,
中京,11,OP,ダート,1800,良(暫定),8,ヴァンヤール,5歳以上,北村友一,庄野靖志,中距離,左回り,,タートルボウル,,
中京,11,OP,ダート,1800,良(暫定),9,タクシンイメル,4歳,高倉稜,武英智,中距離,左回り,,サトノダイヤモンド,,
中京,11,OP,ダート,1800,良(暫定),10,コトホドサヨウニ,4歳,川田将雅,奥村豊,中距離,左回り,,シニスターミニスター,休明2走,距離延長
中京,11,OP,ダート,1800,良(暫定),11,アムールドパリ,4歳,小沢大仁,稲垣幸雄,中距離,左回り,,マインドユアビスケッツ,休明初戦,距離短縮
中京,11,OP,ダート,1800,良(暫定),12,ザイツィンガー,5歳以上,高杉吏麒,牧田和弥,中距離,左回り,,ドリームジャーニー,休明3走,距離延長
中京,11,OP,ダート,1800,良(暫定),13,サンデーファンデー,5歳以上,角田大和,東田明士,中距離,左回り,,スズカコーズウェイ,,
中京,11,OP,ダート,1800,良(暫定),14,ペイシャフラワー,5歳以上,永島まな,高橋康之,中距離,左回り,,ニシケンモノノフ,休明初戦,距離延長
中京,11,OP,ダート,1800,良(暫定),15,リチュアル,5歳以上,団野大成,田中克典,中距離,左回り,,キングカメハメハ,,距離短縮
中京,11,OP,ダート,1800,良(暫定),16,ポッドロゴ,4歳,長岡禎仁,西園正都,中距離,左回り,,ロゴタイプ,,
中京,12,自己条件,ダート,1400,良(暫定),1,タイセイレグノ,3歳,高杉吏麒,浜田多実,短距離,左回り,,マジェスティックウォリアー,休明2走,距離短縮
中京,12,自己条件,ダート,1400,良(暫定),2,モレポブラーノ,3歳,北村友一,庄野靖志,短距離,左回り,,マインドユアビスケッツ,休明3走,
中京,12,自己条件,ダート,1400,良(暫定),3,マッハレイジング,3歳,小崎綾也,小崎憲,短距離,左回り,,ディスクリートキャット,休明3走,距離短縮
中京,12,自己条件,ダート,1400,良(暫定),4,ワンウェイトゥヘル,3歳,吉村誠之,中村直也,短距離,左回り,,タワーオブロンドン,,
中京,12,自己条件,ダート,1400,良(暫定),5,ゴメンネジロー,3歳,田山旺佑,谷潔,短距離,左回り,,タワーオブロンドン,休明2走,
中京,12,自己条件,ダート,1400,良(暫定),6,エリカドリーム,5歳以上,富田暁,佐藤悠太,短距離,左回り,,ロードカナロア,,距離短縮
中京,12,自己条件,ダート,1400,良(暫定),7,メイケイレイン,3歳,岩田康誠,中竹和也,短距離,左回り,,レイデオロ,休明初戦,距離短縮
中京,12,自己条件,ダート,1400,良(暫定),8,サマーナイト,3歳,小沢大仁,寺島良,短距離,左回り,,ルーラーシップ,,距離短縮
中京,12,自己条件,ダート,1400,良(暫定),9,マリーヌ,3歳,団野大成,斉藤崇史,短距離,左回り,,リアルスティール,休明2走,距離短縮
中京,12,自己条件,ダート,1400,良(暫定),10,モズタチアガレ,3歳,西塚洸二,中尾秀正,短距離,左回り,,モズアスコット,休明2走,
中京,12,自己条件,ダート,1400,良(暫定),11,トリプルバレル,3歳,永島まな,藤野健太,短距離,左回り,,ロゴタイプ,,距離短縮
中京,12,自己条件,ダート,1400,良(暫定),12,ランスオブプライム,4歳,田口貫太,奥村豊,短距離,左回り,,エピファネイア,休明3走,距離短縮
