日付,場所,レース名,クラス名,馬番,馬名,種牡馬,年齢,騎手,距離,馬場状態,前距離,複勝オッズ下限,複勝オッズ上限,複勝配当,コース区分,距離区分,道悪判定,距離変遷,回り,馬齢,補正配当_0.94-1.65,補正配当_0.94-1.7,補正配当_0.94-1.75,補正配当_0.945-1.65,補正配当_0.945-1.7,補正配当_0.945-1.75,補正配当_0.95-1.65,補正配当_0.95-1.7,補正配当_0.95-1.75,賭け金,補正払戻_0.94-1.65,補正払戻_0.94-1.7,補正払戻_0.94-1.75,補正払戻_0.945-1.65,補正払戻_0.945-1.7,補正払戻_0.945-1.75,補正払戻_0.95-1.65,補正払戻_0.95-1.7,補正払戻_0.95-1.75
2023-12-28,中山,新馬,新馬,9,ユイノコドウ,ヴィクトワールピサ,2,小林美駒,1200,良,,1.5,1.8,160.0,ダート,短距離,,,右回り,2歳,150.4,150.4,150.4,151.2,151.2,151.2,152.0,152.0,152.0,11600.0,17446.4,17446.4,17446.4,17539.2,17539.2,17539.2,17632.0,17632.0,17632.0
2023-12-28,阪神,カウント･3勝,自己条件,9,メイショウドウドウ,ヴィクトワールピサ,8,西村淳也,1200,良,1600.0,8.7,13.7,0.0,芝,短距離,,距離短縮,右回り,5歳以上,0.0,0.0,0.0,0.0,0.0,0.0,0.0,0.0,0.0,2000.0,0.0,0.0,0.0,0.0,0.0,0.0,0.0,0.0,0.0
2023-12-28,阪神,未勝利*,未勝利,1,ヴェッターホルン,ヴィクトワールピサ,2,角田大河,1200,良,1200.0,11.6,20.7,0.0,芝,短距離,,,右回り,2歳,0.0,0.0,0.0,0.0,0.0,0.0,0.0,0.0,0.0,1500.0,0.0,0.0,0.0,0.0,0.0,0.0,0.0,0.0,0.0
2023-12-24,中山,クリスマ･2勝,自己条件,11,ネバーゴーンアウト,ヴィクトワールピサ,6,柴田大知,1600,良,1600.0,84.3,139.8,0.0,芝,短距離,,,右回り,5歳以上,0.0,0.0,0.0,0.0,0.0,0.0,0.0,0.0,0.0,200.0,0.0,0.0,0.0,0.0,0.0,0.0,0.0,0.0,0.0
2023-12-24,中山,未勝利*,未勝利,16,ダイユウハミルトン,ヴィクトワールピサ,2,菅原明良,2000,良,2000.0,7.6,39.4,0.0,芝,中距離,,,右回り,2歳,0.0,0.0,0.0,0.0,0.0,0.0,0.0,0.0,0.0,2300.0,0.0,0.0,0.0,0.0,0.0,0.0,0.0,0.0,0.0
2023-12-23,中山,新馬,新馬,5,ギフテッドリーダー,ヴィクトワールピサ,2,藤田菜七,1800,良,,7.3,10.7,0.0,芝,中距離,,,右回り,2歳,0.0,0.0,0.0,0.0,0.0,0.0,0.0,0.0,0.0,2400.0,0.0,0.0,0.0,0.0,0.0,0.0,0.0,0.0,0.0
2023-12-23,中山,未勝利*,未勝利,7,ムージャン,ヴィクトワールピサ,2,原優介,1200,良,,3.3,5.6,0.0,ダート,短距離,,,右回り,2歳,0.0,0.0,0.0,0.0,0.0,0.0,0.0,0.0,0.0,5300.0,0.0,0.0,0.0,0.0,0.0,0.0,0.0,0.0,0.0
2023-12-23,阪神,１勝ｸﾗｽ,自己条件,4,アイルシャイン,ヴィクトワールピサ,3,横山典弘,1600,良,,1.9,3.0,0.0,芝,短距離,,,右回り,3歳,0.0,0.0,0.0,0.0,0.0,0.0,0.0,0.0,0.0,9100.0,0.0,0.0,0.0,0.0,0.0,0.0,0.0,0.0,0.0
2023-12-23,阪神,新馬,新馬,14,オジョウ,ヴィクトワールピサ,2,永島まな,1400,良,,7.1,13.5,0.0,芝,短距離,,,右回り,2歳,0.0,0.0,0.0,0.0,0.0,0.0,0.0,0.0,0.0,2400.0,0.0,0.0,0.0,0.0,0.0,0.0,0.0,0.0,0.0
2023-12-17,阪神,２勝ｸﾗｽ・牝,自己条件,8,ヤマニンルリュール,ヴィクトワールピサ,5,鮫島克駿,1400,稍,,1.8,2.4,0.0,ダート,短距離,ダ道悪,,右回り,5歳以上,0.0,0.0,0.0,0.0,0.0,0.0,0.0,0.0,0.0,9600.0,0.0,0.0,0.0,0.0,0.0,0.0,0.0,0.0,0.0
2023-12-17,阪神,新馬,新馬,6,デファイ,ヴィクトワールピサ,2,横山武史,1800,稍,,2.0,3.7,0.0,芝,中距離,芝道悪,,右回り,2歳,0.0,0.0,0.0,0.0,0.0,0.0,0.0,0.0,0.0,8700.0,0.0,0.0,0.0,0.0,0.0,0.0,0.0,0.0,0.0
2023-12-17,中京,桑名特Ｈ･2勝,自己条件,13,ガリレイ,ヴィクトワールピサ,6,角田大河,1200,良,,1.8,2.2,210.0,芝,短距離,,,左回り,5歳以上,210.0,210.0,210.0,210.0,210.0,210.0,210.0,210.0,210.0,9600.0,20160.0,20160.0,20160.0,20160.0,20160.0,20160.0,20160.0,20160.0,20160.0
2023-12-17,中京,１勝ｸﾗｽ・牝,自己条件,2,フライウィズミー,ヴィクトワールピサ,3,三浦皇成,1600,良,,2.9,4.4,0.0,芝,短距離,,,左回り,3歳,0.0,0.0,0.0,0.0,0.0,0.0,0.0,0.0,0.0,6000.0,0.0,0.0,0.0,0.0,0.0,0.0,0.0,0.0,0.0
2023-12-17,中京,未勝利*,未勝利,7,エレガントフルール,ヴィクトワールピサ,2,川端海翼,1800,稍,,58.5,154.9,0.0,ダート,中距離,ダ道悪,,左回り,2歳,0.0,0.0,0.0,0.0,0.0,0.0,0.0,0.0,0.0,300.0,0.0,0.0,0.0,0.0,0.0,0.0,0.0,0.0,0.0
2023-12-17,中山,ディセン(L),OP,13,ロングラン,ヴィクトワールピサ,5,丹内祐次,1800,良,,2.4,3.2,260.0,芝,中距離,,,右回り,5歳以上,260.0,260.0,260.0,260.0,260.0,260.0,260.0,260.0,260.0,7200.0,18720.0,18720.0,18720.0,18720.0,18720.0,18720.0,18720.0,18720.0,18720.0
2023-12-17,中山,ディセン(L),OP,9,アサマノイタズラ,ヴィクトワールピサ,5,嶋田純次,1800,良,,7.0,10.0,0.0,芝,中距離,,,右回り,5歳以上,0.0,0.0,0.0,0.0,0.0,0.0,0.0,0.0,0.0,2500.0,0.0,0.0,0.0,0.0,0.0,0.0,0.0,0.0,0.0
2023-12-17,中山,障害未勝利,未勝利,4,エンデュミオン,ヴィクトワールピサ,6,水沼元輝,2880,良,,1.1,1.3,110.0,障害,長距離,,,右回り,5歳以上,103.4,103.4,103.4,103.95,103.95,103.95,104.5,104.5,104.5,15800.0,16337.2,16337.2,16337.2,16424.1,16424.1,16424.1,16511.0,16511.0,16511.0
2023-12-17,中山,障害未勝利,未勝利,12,ニャンチンノン,ヴィクトワールピサ,4,黒岩悠,2880,良,,5.1,9.6,0.0,障害,長距離,,,右回り,4歳,0.0,0.0,0.0,0.0,0.0,0.0,0.0,0.0,0.0,3400.0,0.0,0.0,0.0,0.0,0.0,0.0,0.0,0.0,0.0
2023-12-17,中山,未勝利*,未勝利,6,カマクラバクフ,ヴィクトワールピサ,2,木幡巧也,1800,良,,4.8,7.4,720.0,ダート,中距離,,,右回り,2歳,720.0,720.0,720.0,720.0,720.0,720.0,720.0,720.0,720.0,3600.0,25920.0,25920.0,25920.0,25920.0,25920.0,25920.0,25920.0,25920.0,25920.0
2023-12-16,中京,１勝ｸﾗｽ,自己条件,6,パルティクラール,ヴィクトワールピサ,3,国分恭介,1400,稍,,2.4,3.3,300.0,芝,短距離,芝道悪,,左回り,3歳,300.0,300.0,300.0,300.0,300.0,300.0,300.0,300.0,300.0,7200.0,21600.0,21600.0,21600.0,21600.0,21600.0,21600.0,21600.0,21600.0,21600.0
2023-12-16,阪神,障害・オープ,OP,10,ナリノモンターニュ,ヴィクトワールピサ,6,金子光希,3110,稍,,1.8,2.5,210.0,障害,長距離,,,右回り,5歳以上,210.0,210.0,210.0,210.0,210.0,210.0,210.0,210.0,210.0,9600.0,20160.0,20160.0,20160.0,20160.0,20160.0,20160.0,20160.0,20160.0,20160.0
2023-12-10,中京,大須特別･2勝,自己条件,7,メイショウポペット,ヴィクトワールピサ,3,角田大和,1800,良,,1.6,2.2,0.0,ダート,中距離,,,左回り,3歳,0.0,0.0,0.0,0.0,0.0,0.0,0.0,0.0,0.0,10900.0,0.0,0.0,0.0,0.0,0.0,0.0,0.0,0.0,0.0
2023-12-10,中山,師走ＳＨ(L),OP,3,フォルコメン,ヴィクトワールピサ,7,佐々木大,1800,良,,7.1,22.8,0.0,ダート,中距離,,,右回り,5歳以上,0.0,0.0,0.0,0.0,0.0,0.0,0.0,0.0,0.0,2400.0,0.0,0.0,0.0,0.0,0.0,0.0,0.0,0.0,0.0
2023-12-10,中山,障害未勝利,未勝利,6,ヒルノダカール,ヴィクトワールピサ,7,高田潤,2880,良,,1.6,2.1,0.0,障害,長距離,,,右回り,5歳以上,0.0,0.0,0.0,0.0,0.0,0.0,0.0,0.0,0.0,10900.0,0.0,0.0,0.0,0.0,0.0,0.0,0.0,0.0,0.0
2023-12-10,阪神,１勝ｸﾗｽ,自己条件,2,ノートルプロメス,ヴィクトワールピサ,4,浜中俊,1800,良,,2.4,6.9,0.0,ダート,中距離,,,右回り,4歳,0.0,0.0,0.0,0.0,0.0,0.0,0.0,0.0,0.0,7200.0,0.0,0.0,0.0,0.0,0.0,0.0,0.0,0.0,0.0
2023-12-10,阪神,新馬・牝,新馬,1,エポックヴィーナス,ヴィクトワールピサ,2,和田竜二,1600,良,,6.2,11.1,0.0,芝,短距離,,,右回り,2歳,0.0,0.0,0.0,0.0,0.0,0.0,0.0,0.0,0.0,2800.0,0.0,0.0,0.0,0.0,0.0,0.0,0.0,0.0,0.0
2023-12-10,阪神,未勝利*,未勝利,10,ヴェッターホルン,ヴィクトワールピサ,2,松岡正海,1200,良,,8.5,14.8,0.0,芝,短距離,,,右回り,2歳,0.0,0.0,0.0,0.0,0.0,0.0,0.0,0.0,0.0,2000.0,0.0,0.0,0.0,0.0,0.0,0.0,0.0,0.0,0.0
2023-12-10,阪神,未勝利*,未勝利,7,オレンジサファイア,ヴィクトワールピサ,2,岩田望来,1200,良,,2.2,3.6,0.0,芝,短距離,,,右回り,2歳,0.0,0.0,0.0,0.0,0.0,0.0,0.0,0.0,0.0,7900.0,0.0,0.0,0.0,0.0,0.0,0.0,0.0,0.0,0.0
2023-12-09,中京,つわぶき･1勝,自己条件,1,セイウンデセオ,ヴィクトワールピサ,2,幸英明,1400,良,,2.9,4.4,320.0,芝,短距離,,,左回り,2歳,320.0,320.0,320.0,320.0,320.0,320.0,320.0,320.0,320.0,6000.0,19200.0,19200.0,19200.0,19200.0,19200.0,19200.0,19200.0,19200.0,19200.0
2023-12-09,中京,未勝利*,未勝利,14,ダイユウハミルトン,ヴィクトワールピサ,2,川須栄彦,2000,良,,32.4,80.3,0.0,芝,中距離,,,左回り,2歳,0.0,0.0,0.0,0.0,0.0,0.0,0.0,0.0,0.0,500.0,0.0,0.0,0.0,0.0,0.0,0.0,0.0,0.0,0.0
2023-12-03,中山,未勝利*,未勝利,4,エヴィエニス,ヴィクトワールピサ,2,丹内祐次,2000,良,,7.2,35.8,0.0,芝,中距離,,,右回り,2歳,0.0,0.0,0.0,0.0,0.0,0.0,0.0,0.0,0.0,2400.0,0.0,0.0,0.0,0.0,0.0,0.0,0.0,0.0,0.0
2023-12-03,中山,未勝利*,未勝利,2,ビクトリーフォース,ヴィクトワールピサ,2,戸崎圭太,1800,良,,5.0,7.7,0.0,ダート,中距離,,,右回り,2歳,0.0,0.0,0.0,0.0,0.0,0.0,0.0,0.0,0.0,3500.0,0.0,0.0,0.0,0.0,0.0,0.0,0.0,0.0,0.0
2023-12-03,中山,未勝利*,未勝利,12,ホウオウフェイント,ヴィクトワールピサ,2,菅原明良,1800,良,,9.1,14.4,0.0,ダート,中距離,,,右回り,2歳,0.0,0.0,0.0,0.0,0.0,0.0,0.0,0.0,0.0,1900.0,0.0,0.0,0.0,0.0,0.0,0.0,0.0,0.0,0.0
2023-12-03,中京,栄特別･1勝,自己条件,11,ノートルプロメス,ヴィクトワールピサ,4,浜中俊,2200,良,,6.1,10.1,0.0,芝,中距離,,,左回り,4歳,0.0,0.0,0.0,0.0,0.0,0.0,0.0,0.0,0.0,2800.0,0.0,0.0,0.0,0.0,0.0,0.0,0.0,0.0,0.0
2023-12-03,阪神,元町ＳＨ･3勝,自己条件,12,コスモサガルマータ,ヴィクトワールピサ,3,高倉稜,1800,良,,3.5,4.6,0.0,芝,中距離,,,右回り,3歳,0.0,0.0,0.0,0.0,0.0,0.0,0.0,0.0,0.0,5000.0,0.0,0.0,0.0,0.0,0.0,0.0,0.0,0.0,0.0
2023-12-03,阪神,障害未勝利,未勝利,10,エンデュミオン,ヴィクトワールピサ,6,難波剛健,2970,良,,1.1,1.4,110.0,障害,長距離,,,右回り,5歳以上,103.4,103.4,103.4,103.95,103.95,103.95,104.5,104.5,104.5,15800.0,16337.2,16337.2,16337.2,16424.1,16424.1,16424.1,16511.0,16511.0,16511.0
2023-12-02,中京,１勝ｸﾗｽ,自己条件,12,フライウィズミー,ヴィクトワールピサ,3,北村友一,1600,良,,2.7,4.2,0.0,芝,短距離,,,左回り,3歳,0.0,0.0,0.0,0.0,0.0,0.0,0.0,0.0,0.0,6400.0,0.0,0.0,0.0,0.0,0.0,0.0,0.0,0.0,0.0
2023-12-02,中京,１勝ｸﾗｽ・牝,自己条件,9,プリティユニバンス,ヴィクトワールピサ,6,亀田温心,1800,良,,4.1,20.8,0.0,ダート,中距離,,,左回り,5歳以上,0.0,0.0,0.0,0.0,0.0,0.0,0.0,0.0,0.0,4200.0,0.0,0.0,0.0,0.0,0.0,0.0,0.0,0.0,0.0
2023-11-26,東京,アプロー･2勝,自己条件,7,ヤマニンバンタジオ,ヴィクトワールピサ,9,柴山雄一,1600,良,,22.0,41.8,0.0,ダート,短距離,,,左回り,5歳以上,0.0,0.0,0.0,0.0,0.0,0.0,0.0,0.0,0.0,800.0,0.0,0.0,0.0,0.0,0.0,0.0,0.0,0.0,0.0
2023-11-26,東京,１勝ｸﾗｽ,自己条件,7,フェスティヴラジャ,ヴィクトワールピサ,3,小林勝太,1400,良,,4.8,7.6,0.0,ダート,短距離,,,左回り,3歳,0.0,0.0,0.0,0.0,0.0,0.0,0.0,0.0,0.0,3600.0,0.0,0.0,0.0,0.0,0.0,0.0,0.0,0.0,0.0
2023-11-26,東京,新馬,新馬,8,グローリーアテイン,ヴィクトワールピサ,2,戸崎圭太,1800,良,,1.3,2.0,180.0,芝,中距離,,,左回り,2歳,169.2,169.2,169.2,170.1,170.1,170.1,171.0,171.0,171.0,13400.0,22672.8,22672.8,22672.8,22793.4,22793.4,22793.4,22914.0,22914.0,22914.0
2023-11-26,東京,新馬,新馬,12,ダイユウハミルトン,ヴィクトワールピサ,2,木幡巧也,1800,良,,10.2,17.9,0.0,芝,中距離,,,左回り,2歳,0.0,0.0,0.0,0.0,0.0,0.0,0.0,0.0,0.0,1700.0,0.0,0.0,0.0,0.0,0.0,0.0,0.0,0.0,0.0
2023-11-26,京都,京阪杯G3,重賞,14,ディヴィナシオン,ヴィクトワールピサ,6,団野大成,1200,良,,12.8,18.1,0.0,芝,短距離,,,右回り,5歳以上,0.0,0.0,0.0,0.0,0.0,0.0,0.0,0.0,0.0,1400.0,0.0,0.0,0.0,0.0,0.0,0.0,0.0,0.0,0.0
2023-11-26,京都,清水ＳＨ･3勝,自己条件,12,メイショウドウドウ,ヴィクトワールピサ,8,団野大成,1600,良,,17.3,30.2,0.0,芝,短距離,,,右回り,5歳以上,0.0,0.0,0.0,0.0,0.0,0.0,0.0,0.0,0.0,1000.0,0.0,0.0,0.0,0.0,0.0,0.0,0.0,0.0,0.0
2023-11-25,京都,２勝ｸﾗｽ,自己条件,13,ガリレイ,ヴィクトワールピサ,6,角田大河,1200,良,,8.6,13.1,1080.0,芝,短距離,,,右回り,5歳以上,1080.0,1080.0,1080.0,1080.0,1080.0,1080.0,1080.0,1080.0,1080.0,2000.0,21600.0,21600.0,21600.0,21600.0,21600.0,21600.0,21600.0,21600.0,21600.0
2023-11-25,京都,障害未勝利,未勝利,2,ニャンチンノン,ヴィクトワールピサ,4,中村将之,2910,良,,2.9,6.5,0.0,障害,長距離,,,右回り,4歳,0.0,0.0,0.0,0.0,0.0,0.0,0.0,0.0,0.0,6000.0,0.0,0.0,0.0,0.0,0.0,0.0,0.0,0.0,0.0
2023-11-25,京都,未勝利*,未勝利,6,ヴェッターホルン,ヴィクトワールピサ,2,和田竜二,1800,良,,7.2,17.7,0.0,芝,中距離,,,右回り,2歳,0.0,0.0,0.0,0.0,0.0,0.0,0.0,0.0,0.0,2400.0,0.0,0.0,0.0,0.0,0.0,0.0,0.0,0.0,0.0
2023-11-19,福島,新馬,新馬,16,エヴィエニス,ヴィクトワールピサ,2,丹内祐次,1800,良,,3.9,6.4,0.0,芝,中距離,,,右回り,2歳,0.0,0.0,0.0,0.0,0.0,0.0,0.0,0.0,0.0,4500.0,0.0,0.0,0.0,0.0,0.0,0.0,0.0,0.0,0.0
2023-11-19,東京,２勝ｸﾗｽ,自己条件,12,オメガキャプテン,ヴィクトワールピサ,3,横山武史,1400,良,,1.2,1.4,130.0,芝,短距離,,,左回り,3歳,122.2,122.2,122.2,122.85,122.85,122.85,123.5,123.5,123.5,14500.0,17719.0,17719.0,17719.0,17813.25,17813.25,17813.25,17907.5,17907.5,17907.5
2023-11-19,東京,赤松賞･1勝*,自己条件,5,ララヴィエルジュ,ヴィクトワールピサ,2,松岡正海,1600,良,,2.9,5.3,0.0,芝,短距離,,,左回り,2歳,0.0,0.0,0.0,0.0,0.0,0.0,0.0,0.0,0.0,6000.0,0.0,0.0,0.0,0.0,0.0,0.0,0.0,0.0,0.0
2023-11-19,東京,未勝利・牝*,未勝利,4,サクセスビクトリー,ヴィクトワールピサ,2,内田博幸,1800,良,,46.4,308.2,0.0,芝,中距離,,,左回り,2歳,0.0,0.0,0.0,0.0,0.0,0.0,0.0,0.0,0.0,400.0,0.0,0.0,0.0,0.0,0.0,0.0,0.0,0.0,0.0
2023-11-19,京都,２勝ｸﾗｽ・牝,自己条件,7,メイショウポペット,ヴィクトワールピサ,3,角田大河,1800,稍,,1.5,2.6,0.0,ダート,中距離,ダ道悪,,右回り,3歳,0.0,0.0,0.0,0.0,0.0,0.0,0.0,0.0,0.0,11600.0,0.0,0.0,0.0,0.0,0.0,0.0,0.0,0.0,0.0
2023-11-19,京都,新馬,新馬,9,マンチェスター,ヴィクトワールピサ,2,Ｍ．デム,1600,稍,,5.3,9.6,0.0,芝,短距離,芝道悪,,右回り,2歳,0.0,0.0,0.0,0.0,0.0,0.0,0.0,0.0,0.0,3300.0,0.0,0.0,0.0,0.0,0.0,0.0,0.0,0.0,0.0
2023-11-18,福島,１勝ｸﾗｽ,自己条件,15,アイヲツグモノ,ヴィクトワールピサ,3,古川奈穂,1200,稍,,3.1,4.6,0.0,芝,短距離,芝道悪,,右回り,3歳,0.0,0.0,0.0,0.0,0.0,0.0,0.0,0.0,0.0,5600.0,0.0,0.0,0.0,0.0,0.0,0.0,0.0,0.0,0.0
2023-11-18,東京,２勝ｸﾗｽ,自己条件,15,グアドループ,ヴィクトワールピサ,5,江田照男,1400,重,,53.4,85.7,0.0,ダート,短距離,ダ道悪,,左回り,5歳以上,0.0,0.0,0.0,0.0,0.0,0.0,0.0,0.0,0.0,300.0,0.0,0.0,0.0,0.0,0.0,0.0,0.0,0.0,0.0
2023-11-18,京都,アンドＨ(L),OP,8,ロングラン,ヴィクトワールピサ,5,岩田康誠,2000,稍,,2.7,4.2,0.0,芝,中距離,芝道悪,,右回り,5歳以上,0.0,0.0,0.0,0.0,0.0,0.0,0.0,0.0,0.0,6400.0,0.0,0.0,0.0,0.0,0.0,0.0,0.0,0.0,0.0
2023-11-18,京都,アンドＨ(L),OP,5,アサマノイタズラ,ヴィクトワールピサ,5,嶋田純次,2000,稍,,7.3,11.8,0.0,芝,中距離,芝道悪,,右回り,5歳以上,0.0,0.0,0.0,0.0,0.0,0.0,0.0,0.0,0.0,2400.0,0.0,0.0,0.0,0.0,0.0,0.0,0.0,0.0,0.0
2023-11-12,東京,１勝ｸﾗｽ,自己条件,5,スイーツバイキング,ヴィクトワールピサ,3,原優介,1800,良,,14.9,23.3,0.0,芝,中距離,,,左回り,3歳,0.0,0.0,0.0,0.0,0.0,0.0,0.0,0.0,0.0,1200.0,0.0,0.0,0.0,0.0,0.0,0.0,0.0,0.0,0.0
2023-11-12,東京,オーロＨ(L),OP,13,レイモンドバローズ,ヴィクトワールピサ,5,北村宏司,1400,良,,5.3,7.3,0.0,芝,短距離,,,左回り,5歳以上,0.0,0.0,0.0,0.0,0.0,0.0,0.0,0.0,0.0,3300.0,0.0,0.0,0.0,0.0,0.0,0.0,0.0,0.0,0.0
2023-11-11,福島,１勝ｸﾗｽ,自己条件,1,オリンポスカズマ,ヴィクトワールピサ,3,富田暁,1700,稍,,2.5,4.8,0.0,ダート,中距離,ダ道悪,,右回り,3歳,0.0,0.0,0.0,0.0,0.0,0.0,0.0,0.0,0.0,6900.0,0.0,0.0,0.0,0.0,0.0,0.0,0.0,0.0,0.0
2023-11-11,福島,未勝利*,未勝利,1,イルミリオーネ,ヴィクトワールピサ,2,小林勝太,1700,稍,,11.2,22.5,0.0,ダート,中距離,ダ道悪,,右回り,2歳,0.0,0.0,0.0,0.0,0.0,0.0,0.0,0.0,0.0,1600.0,0.0,0.0,0.0,0.0,0.0,0.0,0.0,0.0,0.0
2023-11-11,東京,新馬・牝,新馬,7,ムージャン,ヴィクトワールピサ,2,石橋脩,1600,良,,7.5,26.2,0.0,芝,短距離,,,左回り,2歳,0.0,0.0,0.0,0.0,0.0,0.0,0.0,0.0,0.0,2300.0,0.0,0.0,0.0,0.0,0.0,0.0,0.0,0.0,0.0
2023-11-05,福島,みちのく,OP,10,ディヴィナシオン,ヴィクトワールピサ,6,松田大作,1200,良,,4.2,6.7,0.0,芝,短距離,,,右回り,5歳以上,0.0,0.0,0.0,0.0,0.0,0.0,0.0,0.0,0.0,4100.0,0.0,0.0,0.0,0.0,0.0,0.0,0.0,0.0,0.0
2023-11-05,福島,１勝ｸﾗｽ,自己条件,11,アイヲツグモノ,ヴィクトワールピサ,3,菊沢一樹,1200,良,,7.0,11.4,0.0,芝,短距離,,,右回り,3歳,0.0,0.0,0.0,0.0,0.0,0.0,0.0,0.0,0.0,2500.0,0.0,0.0,0.0,0.0,0.0,0.0,0.0,0.0,0.0
2023-11-05,東京,２勝ｸﾗｽ,自己条件,12,オメガキャプテン,ヴィクトワールピサ,3,横山武史,1400,良,,1.3,1.9,130.0,芝,短距離,,,左回り,3歳,122.2,122.2,122.2,122.85,122.85,122.85,123.5,123.5,123.5,13400.0,16374.8,16374.8,16374.8,16461.9,16461.9,16461.9,16549.0,16549.0,16549.0
2023-11-05,東京,アルゼンＨG2,重賞,18,アサマノイタズラ,ヴィクトワールピサ,5,柴田善臣,2500,良,,25.9,43.2,0.0,芝,長距離,,,左回り,5歳以上,0.0,0.0,0.0,0.0,0.0,0.0,0.0,0.0,0.0,700.0,0.0,0.0,0.0,0.0,0.0,0.0,0.0,0.0,0.0
2023-11-05,京都,１勝ｸﾗｽ,自己条件,13,パルティクラール,ヴィクトワールピサ,3,Ｍ．デム,1400,良,,1.8,2.3,0.0,芝,短距離,,,右回り,3歳,0.0,0.0,0.0,0.0,0.0,0.0,0.0,0.0,0.0,9600.0,0.0,0.0,0.0,0.0,0.0,0.0,0.0,0.0,0.0
2023-11-05,京都,醍醐Ｓ･3勝,自己条件,2,メイショウドウドウ,ヴィクトワールピサ,8,角田大河,1200,良,,15.3,19.9,0.0,芝,短距離,,,右回り,5歳以上,0.0,0.0,0.0,0.0,0.0,0.0,0.0,0.0,0.0,1100.0,0.0,0.0,0.0,0.0,0.0,0.0,0.0,0.0,0.0
2023-11-04,福島,土湯温泉･1勝,自己条件,7,スイーツバイキング,ヴィクトワールピサ,3,富田暁,1800,良,,5.6,9.4,0.0,芝,中距離,,,右回り,3歳,0.0,0.0,0.0,0.0,0.0,0.0,0.0,0.0,0.0,3100.0,0.0,0.0,0.0,0.0,0.0,0.0,0.0,0.0,0.0
2023-11-04,福島,１勝ｸﾗｽ,自己条件,2,ジャーニーメモリー,ヴィクトワールピサ,3,横山琉人,1200,良,,8.9,15.1,0.0,芝,短距離,,,右回り,3歳,0.0,0.0,0.0,0.0,0.0,0.0,0.0,0.0,0.0,2000.0,0.0,0.0,0.0,0.0,0.0,0.0,0.0,0.0,0.0
2023-11-04,東京,新馬,新馬,3,ホウオウフェイント,ヴィクトワールピサ,2,菅原明良,1600,良,,14.0,29.4,0.0,ダート,短距離,,,左回り,2歳,0.0,0.0,0.0,0.0,0.0,0.0,0.0,0.0,0.0,1200.0,0.0,0.0,0.0,0.0,0.0,0.0,0.0,0.0,0.0
2023-11-04,京都,ファンタG3,重賞,9,セイウンデセオ,ヴィクトワールピサ,2,今村聖奈,1400,良,,21.6,30.9,0.0,芝,短距離,,,右回り,2歳,0.0,0.0,0.0,0.0,0.0,0.0,0.0,0.0,0.0,800.0,0.0,0.0,0.0,0.0,0.0,0.0,0.0,0.0,0.0
2023-10-29,東京,未勝利*,未勝利,2,サクセスビクトリー,ヴィクトワールピサ,2,内田博幸,1600,良,,40.4,133.2,0.0,芝,短距離,,,左回り,2歳,0.0,0.0,0.0,0.0,0.0,0.0,0.0,0.0,0.0,400.0,0.0,0.0,0.0,0.0,0.0,0.0,0.0,0.0,0.0
2023-10-28,京都,新馬,新馬,4,スマートマナリス,ヴィクトワールピサ,2,角田大河,2000,良,,21.8,45.1,0.0,芝,中距離,,,右回り,2歳,0.0,0.0,0.0,0.0,0.0,0.0,0.0,0.0,0.0,800.0,0.0,0.0,0.0,0.0,0.0,0.0,0.0,0.0,0.0
2023-10-22,東京,２勝ｸﾗｽ,自己条件,10,ヤマニンバンタジオ,ヴィクトワールピサ,9,柴山雄一,1600,良,,27.0,40.3,0.0,ダート,短距離,,,左回り,5歳以上,0.0,0.0,0.0,0.0,0.0,0.0,0.0,0.0,0.0,600.0,0.0,0.0,0.0,0.0,0.0,0.0,0.0,0.0,0.0
2023-10-22,東京,甲斐路Ｈ･3勝,自己条件,8,ナリタブレード,ヴィクトワールピサ,6,武藤雅,2000,良,,12.3,18.0,0.0,芝,中距離,,,左回り,5歳以上,0.0,0.0,0.0,0.0,0.0,0.0,0.0,0.0,0.0,1400.0,0.0,0.0,0.0,0.0,0.0,0.0,0.0,0.0,0.0
2023-10-22,京都,菊花賞G1,重賞,5,パクスオトマニカ,ヴィクトワールピサ,3,田辺裕信,3000,良,,44.9,77.6,0.0,芝,長距離,,,右回り,3歳,0.0,0.0,0.0,0.0,0.0,0.0,0.0,0.0,0.0,400.0,0.0,0.0,0.0,0.0,0.0,0.0,0.0,0.0,0.0
2023-10-21,新潟,北陸Ｓ･3勝,自己条件,4,メイショウドウドウ,ヴィクトワールピサ,8,国分恭介,1200,重,,5.8,7.9,0.0,芝,短距離,芝道悪,,左回り,5歳以上,0.0,0.0,0.0,0.0,0.0,0.0,0.0,0.0,0.0,3000.0,0.0,0.0,0.0,0.0,0.0,0.0,0.0,0.0,0.0
2023-10-21,新潟,１勝ｸﾗｽ,自己条件,5,パルティクラール,ヴィクトワールピサ,3,国分恭介,1400,重,,2.2,3.3,0.0,芝,短距離,芝道悪,,左回り,3歳,0.0,0.0,0.0,0.0,0.0,0.0,0.0,0.0,0.0,7900.0,0.0,0.0,0.0,0.0,0.0,0.0,0.0,0.0,0.0
2023-10-21,新潟,障害・オープ,OP,4,ナリノモンターニュ,ヴィクトワールピサ,6,金子光希,3250,稍,,5.0,7.8,630.0,障害,長距離,,,左回り,5歳以上,630.0,630.0,630.0,630.0,630.0,630.0,630.0,630.0,630.0,3500.0,22050.0,22050.0,22050.0,22050.0,22050.0,22050.0,22050.0,22050.0,22050.0
2023-10-21,京都,北國新聞･2勝,自己条件,7,ニャンチンノン,ヴィクトワールピサ,4,鮫島克駿,1900,良,,9.6,16.8,0.0,ダート,中距離,,,右回り,4歳,0.0,0.0,0.0,0.0,0.0,0.0,0.0,0.0,0.0,1800.0,0.0,0.0,0.0,0.0,0.0,0.0,0.0,0.0,0.0
2023-10-21,京都,新馬,新馬,1,イルミリオーネ,ヴィクトワールピサ,2,幸英明,1800,良,,9.9,16.5,0.0,ダート,中距離,,,右回り,2歳,0.0,0.0,0.0,0.0,0.0,0.0,0.0,0.0,0.0,1800.0,0.0,0.0,0.0,0.0,0.0,0.0,0.0,0.0,0.0
2023-10-21,京都,未勝利*,未勝利,3,エレガントフルール,ヴィクトワールピサ,2,水口優也,1800,良,,24.8,46.7,0.0,芝,中距離,,,右回り,2歳,0.0,0.0,0.0,0.0,0.0,0.0,0.0,0.0,0.0,700.0,0.0,0.0,0.0,0.0,0.0,0.0,0.0,0.0,0.0
2023-10-15,東京,１勝ｸﾗｽ,自己条件,9,ジャーニーメモリー,ヴィクトワールピサ,3,柴田大知,1300,不,,7.7,12.0,0.0,ダート,短距離,ダ道悪,,左回り,3歳,0.0,0.0,0.0,0.0,0.0,0.0,0.0,0.0,0.0,2300.0,0.0,0.0,0.0,0.0,0.0,0.0,0.0,0.0,0.0
2023-10-15,京都,大原Ｓ･3勝,自己条件,1,コスモサガルマータ,ヴィクトワールピサ,3,和田竜二,1800,稍,,1.8,2.9,180.0,芝,中距離,芝道悪,,右回り,3歳,169.2,169.2,169.2,170.1,170.1,170.1,171.0,171.0,171.0,9600.0,16243.2,16243.2,16243.2,16329.6,16329.6,16329.6,16416.0,16416.0,16416.0
2023-10-15,京都,新馬,新馬,11,オレンジサファイア,ヴィクトワールピサ,2,岩田望来,1200,重,,1.2,1.7,0.0,芝,短距離,芝道悪,,右回り,2歳,0.0,0.0,0.0,0.0,0.0,0.0,0.0,0.0,0.0,14500.0,0.0,0.0,0.0,0.0,0.0,0.0,0.0,0.0,0.0
2023-10-14,新潟,１勝ｸﾗｽ・若,自己条件,9,プリティユニバンス,ヴィクトワールピサ,6,横山琉人,2000,良,,4.1,6.3,0.0,芝,中距離,,,左回り,5歳以上,0.0,0.0,0.0,0.0,0.0,0.0,0.0,0.0,0.0,4200.0,0.0,0.0,0.0,0.0,0.0,0.0,0.0,0.0,0.0
2023-10-14,京都,未勝利*,未勝利,5,ヴェッターホルン,ヴィクトワールピサ,2,和田竜二,1600,良,,4.5,16.4,0.0,芝,短距離,,,右回り,2歳,0.0,0.0,0.0,0.0,0.0,0.0,0.0,0.0,0.0,3900.0,0.0,0.0,0.0,0.0,0.0,0.0,0.0,0.0,0.0
2023-10-09,東京,障害未勝利,未勝利,11,トーカイキング,ヴィクトワールピサ,5,蓑島靖典,3000,稍,,8.4,14.7,0.0,障害,長距離,,,左回り,5歳以上,0.0,0.0,0.0,0.0,0.0,0.0,0.0,0.0,0.0,2100.0,0.0,0.0,0.0,0.0,0.0,0.0,0.0,0.0,0.0
2023-10-08,東京,２勝ｸﾗｽ,自己条件,9,グアドループ,ヴィクトワールピサ,5,大野拓弥,1400,良,,36.0,57.1,0.0,ダート,短距離,,,左回り,5歳以上,0.0,0.0,0.0,0.0,0.0,0.0,0.0,0.0,0.0,500.0,0.0,0.0,0.0,0.0,0.0,0.0,0.0,0.0,0.0
2023-10-08,京都,オパーＨ(L),OP,4,ディヴィナシオン,ヴィクトワールピサ,6,団野大成,1200,良,,6.8,9.3,770.0,芝,短距離,,,右回り,5歳以上,770.0,770.0,770.0,770.0,770.0,770.0,770.0,770.0,770.0,2600.0,20020.0,20020.0,20020.0,20020.0,20020.0,20020.0,20020.0,20020.0,20020.0
2023-10-08,京都,未勝利・牝*,未勝利,7,カンティーク,ヴィクトワールピサ,2,幸英明,1600,良,,5.0,8.9,0.0,芝,短距離,,,右回り,2歳,0.0,0.0,0.0,0.0,0.0,0.0,0.0,0.0,0.0,3500.0,0.0,0.0,0.0,0.0,0.0,0.0,0.0,0.0,0.0
2023-10-01,中山,サフラン･1勝,自己条件,3,ララヴィエルジュ,ヴィクトワールピサ,2,松岡正海,1600,良,,2.1,2.9,0.0,芝,短距離,,,右回り,2歳,0.0,0.0,0.0,0.0,0.0,0.0,0.0,0.0,0.0,8300.0,0.0,0.0,0.0,0.0,0.0,0.0,0.0,0.0,0.0
2023-10-01,阪神,新馬,新馬,3,ストライクオン,ヴィクトワールピサ,2,角田大和,1200,不,,1.8,2.7,0.0,ダート,短距離,ダ道悪,,右回り,2歳,0.0,0.0,0.0,0.0,0.0,0.0,0.0,0.0,0.0,9600.0,0.0,0.0,0.0,0.0,0.0,0.0,0.0,0.0,0.0
2023-09-30,中山,障害未勝利,未勝利,11,エンデュミオン,ヴィクトワールピサ,6,難波剛健,2880,良,,1.1,1.4,120.0,障害,長距離,,,右回り,5歳以上,112.8,112.8,112.8,113.4,113.4,113.4,114.0,114.0,114.0,15800.0,17822.4,17822.4,17822.4,17917.2,17917.2,17917.2,18012.0,18012.0,18012.0
2023-09-30,阪神,新馬,新馬,1,エレガントフルール,ヴィクトワールピサ,2,水口優也,1400,良,,19.5,37.7,0.0,芝,短距離,,,右回り,2歳,0.0,0.0,0.0,0.0,0.0,0.0,0.0,0.0,0.0,900.0,0.0,0.0,0.0,0.0,0.0,0.0,0.0,0.0,0.0
2023-09-24,中山,オールカG2,重賞,1,ロングラン,ヴィクトワールピサ,5,丹内祐次,2200,良,,53.6,80.9,0.0,芝,中距離,,,右回り,5歳以上,0.0,0.0,0.0,0.0,0.0,0.0,0.0,0.0,0.0,300.0,0.0,0.0,0.0,0.0,0.0,0.0,0.0,0.0,0.0
2023-09-24,中山,オールカG2,重賞,3,アサマノイタズラ,ヴィクトワールピサ,5,嶋田純次,2200,良,,16.7,25.2,0.0,芝,中距離,,,右回り,5歳以上,0.0,0.0,0.0,0.0,0.0,0.0,0.0,0.0,0.0,1000.0,0.0,0.0,0.0,0.0,0.0,0.0,0.0,0.0,0.0
2023-09-24,中山,１勝ｸﾗｽ,自己条件,5,フェスティヴラジャ,ヴィクトワールピサ,3,戸崎圭太,1200,稍,,4.1,6.2,0.0,ダート,短距離,ダ道悪,,右回り,3歳,0.0,0.0,0.0,0.0,0.0,0.0,0.0,0.0,0.0,4200.0,0.0,0.0,0.0,0.0,0.0,0.0,0.0,0.0,0.0
2023-09-23,中山,１勝ｸﾗｽ,自己条件,2,ジャーニーメモリー,ヴィクトワールピサ,3,北村宏司,1200,重,,2.6,4.0,0.0,芝,短距離,芝道悪,,右回り,3歳,0.0,0.0,0.0,0.0,0.0,0.0,0.0,0.0,0.0,6700.0,0.0,0.0,0.0,0.0,0.0,0.0,0.0,0.0,0.0
2023-09-23,阪神,新馬,新馬,5,ヴェッターホルン,ヴィクトワールピサ,2,田口貫太,1600,良,,5.6,16.3,0.0,芝,短距離,,,右回り,2歳,0.0,0.0,0.0,0.0,0.0,0.0,0.0,0.0,0.0,3100.0,0.0,0.0,0.0,0.0,0.0,0.0,0.0,0.0,0.0
2023-09-18,中山,セントラG2,重賞,12,コスモサガルマータ,ヴィクトワールピサ,3,松岡正海,2200,良,,5.8,18.3,0.0,芝,中距離,,,右回り,3歳,0.0,0.0,0.0,0.0,0.0,0.0,0.0,0.0,0.0,3000.0,0.0,0.0,0.0,0.0,0.0,0.0,0.0,0.0,0.0
2023-09-18,中山,障害未勝利,未勝利,9,トーカイキング,ヴィクトワールピサ,5,大庭和弥,2880,良,,9.8,17.2,0.0,障害,長距離,,,右回り,5歳以上,0.0,0.0,0.0,0.0,0.0,0.0,0.0,0.0,0.0,1800.0,0.0,0.0,0.0,0.0,0.0,0.0,0.0,0.0,0.0
2023-09-17,中山,浦安特別･2勝,自己条件,5,グアドループ,ヴィクトワールピサ,5,大野拓弥,1200,良,,23.2,37.3,0.0,ダート,短距離,,,右回り,5歳以上,0.0,0.0,0.0,0.0,0.0,0.0,0.0,0.0,0.0,700.0,0.0,0.0,0.0,0.0,0.0,0.0,0.0,0.0,0.0
2023-09-17,阪神,２勝ｸﾗｽ,自己条件,16,ヤマニンルリュール,ヴィクトワールピサ,5,富田暁,1400,良,,4.0,7.0,400.0,ダート,短距離,,,右回り,5歳以上,400.0,400.0,400.0,400.0,400.0,400.0,400.0,400.0,400.0,4300.0,17200.0,17200.0,17200.0,17200.0,17200.0,17200.0,17200.0,17200.0,17200.0
2023-09-16,中山,新馬,新馬,4,カマクラバクフ,ヴィクトワールピサ,2,佐々木大,1800,良,,4.8,8.9,0.0,芝,中距離,,,右回り,2歳,0.0,0.0,0.0,0.0,0.0,0.0,0.0,0.0,0.0,3600.0,0.0,0.0,0.0,0.0,0.0,0.0,0.0,0.0,0.0
2023-09-16,阪神,新馬,新馬,5,カンティーク,ヴィクトワールピサ,2,岩田望来,1600,良,,1.6,3.2,0.0,芝,短距離,,,右回り,2歳,0.0,0.0,0.0,0.0,0.0,0.0,0.0,0.0,0.0,10900.0,0.0,0.0,0.0,0.0,0.0,0.0,0.0,0.0,0.0
2023-09-10,阪神,セントウG2,重賞,13,ディヴィナシオン,ヴィクトワールピサ,6,団野大成,1200,良,,10.5,16.1,0.0,芝,短距離,,,右回り,5歳以上,0.0,0.0,0.0,0.0,0.0,0.0,0.0,0.0,0.0,1700.0,0.0,0.0,0.0,0.0,0.0,0.0,0.0,0.0,0.0
2023-09-09,中山,未勝利*,未勝利,3,ララヴィエルジュ,ヴィクトワールピサ,2,松岡正海,1600,重,,1.3,1.9,140.0,芝,短距離,芝道悪,,右回り,2歳,131.6,131.6,131.6,132.3,132.3,132.3,133.0,133.0,133.0,13400.0,17634.4,17634.4,17634.4,17728.2,17728.2,17728.2,17822.0,17822.0,17822.0
2023-09-09,中山,障害未勝利,未勝利,2,エンデュミオン,ヴィクトワールピサ,6,難波剛健,2880,重,,2.2,3.5,260.0,障害,長距離,,,右回り,5歳以上,260.0,260.0,260.0,260.0,260.0,260.0,260.0,260.0,260.0,7900.0,20540.0,20540.0,20540.0,20540.0,20540.0,20540.0,20540.0,20540.0,20540.0
2023-09-03,札幌,１勝ｸﾗｽ,自己条件,3,スイーツバイキング,ヴィクトワールピサ,3,浜中俊,1800,良,,2.2,3.3,0.0,芝,中距離,,,右回り,3歳,0.0,0.0,0.0,0.0,0.0,0.0,0.0,0.0,0.0,7900.0,0.0,0.0,0.0,0.0,0.0,0.0,0.0,0.0,0.0
2023-09-03,札幌,未勝利,未勝利,10,ハットグットゲット,ヴィクトワールピサ,3,小林勝太,1700,良,,3.1,4.9,0.0,ダート,中距離,,,右回り,3歳,0.0,0.0,0.0,0.0,0.0,0.0,0.0,0.0,0.0,5600.0,0.0,0.0,0.0,0.0,0.0,0.0,0.0,0.0,0.0
2023-09-03,新潟,雷光特別･1勝,自己条件,7,ミネヒメ,ヴィクトワールピサ,3,嶋田純次,1000,良,,2.5,4.1,0.0,芝,短距離,,,左回り,3歳,0.0,0.0,0.0,0.0,0.0,0.0,0.0,0.0,0.0,6900.0,0.0,0.0,0.0,0.0,0.0,0.0,0.0,0.0,0.0
2023-09-03,新潟,未勝利,未勝利,13,アンナジーク,ヴィクトワールピサ,3,大野拓弥,2200,良,,1.9,2.8,220.0,芝,中距離,,,左回り,3歳,220.0,220.0,220.0,220.0,220.0,220.0,220.0,220.0,220.0,9100.0,20020.0,20020.0,20020.0,20020.0,20020.0,20020.0,20020.0,20020.0,20020.0
2023-09-03,小倉,小倉２歳G3,重賞,3,セイウンデセオ,ヴィクトワールピサ,2,今村聖奈,1200,良,,7.7,11.5,0.0,芝,短距離,,,右回り,2歳,0.0,0.0,0.0,0.0,0.0,0.0,0.0,0.0,0.0,2300.0,0.0,0.0,0.0,0.0,0.0,0.0,0.0,0.0,0.0
2023-09-02,札幌,知床特別･2勝,自己条件,12,ガリレイ,ヴィクトワールピサ,6,古川吉洋,1200,稍,,5.6,7.5,0.0,芝,短距離,芝道悪,,右回り,5歳以上,0.0,0.0,0.0,0.0,0.0,0.0,0.0,0.0,0.0,3100.0,0.0,0.0,0.0,0.0,0.0,0.0,0.0,0.0,0.0
2023-09-02,新潟,新馬,新馬,13,ビクトリーフォース,ヴィクトワールピサ,2,戸崎圭太,2000,良,,3.3,5.4,0.0,芝,中距離,,,左回り,2歳,0.0,0.0,0.0,0.0,0.0,0.0,0.0,0.0,0.0,5300.0,0.0,0.0,0.0,0.0,0.0,0.0,0.0,0.0,0.0
2023-09-02,新潟,未勝利,未勝利,4,ハイランドメモリー,ヴィクトワールピサ,3,水沼元輝,1200,良,,62.9,103.4,0.0,ダート,短距離,,,左回り,3歳,0.0,0.0,0.0,0.0,0.0,0.0,0.0,0.0,0.0,300.0,0.0,0.0,0.0,0.0,0.0,0.0,0.0,0.0,0.0
2023-09-02,小倉,未勝利,未勝利,18,ジョーシーゲル,ヴィクトワールピサ,3,田口貫太,1200,稍,,3.7,5.6,0.0,芝,短距離,芝道悪,,右回り,3歳,0.0,0.0,0.0,0.0,0.0,0.0,0.0,0.0,0.0,4700.0,0.0,0.0,0.0,0.0,0.0,0.0,0.0,0.0,0.0
2023-08-27,札幌,WASJ第３･2勝,自己条件,12,ニャンチンノン,ヴィクトワールピサ,4,武豊,1700,重,,4.8,6.8,480.0,ダート,中距離,ダ道悪,,右回り,4歳,480.0,480.0,480.0,480.0,480.0,480.0,480.0,480.0,480.0,3600.0,17280.0,17280.0,17280.0,17280.0,17280.0,17280.0,17280.0,17280.0,17280.0
2023-08-27,小倉,未勝利・牝,未勝利,3,デルマスソバライ,ヴィクトワールピサ,3,今村聖奈,1800,良,,4.3,7.7,0.0,芝,中距離,,,右回り,3歳,0.0,0.0,0.0,0.0,0.0,0.0,0.0,0.0,0.0,4000.0,0.0,0.0,0.0,0.0,0.0,0.0,0.0,0.0,0.0
2023-08-26,札幌,WASJ第１･2勝,自己条件,10,ガリレイ,ヴィクトワールピサ,6,岩田望来,1200,良,,3.1,4.1,330.0,芝,短距離,,,右回り,5歳以上,330.0,330.0,330.0,330.0,330.0,330.0,330.0,330.0,330.0,5600.0,18480.0,18480.0,18480.0,18480.0,18480.0,18480.0,18480.0,18480.0,18480.0
2023-08-26,小倉,１勝ｸﾗｽ,自己条件,2,ルージュアウラ,ヴィクトワールピサ,3,西塚洸二,1200,良,,6.3,9.4,0.0,芝,短距離,,,右回り,3歳,0.0,0.0,0.0,0.0,0.0,0.0,0.0,0.0,0.0,2800.0,0.0,0.0,0.0,0.0,0.0,0.0,0.0,0.0,0.0
2023-08-26,小倉,未勝利,未勝利,6,ジョーシーゲル,ヴィクトワールピサ,3,川須栄彦,1200,良,,3.4,4.8,0.0,芝,短距離,,,右回り,3歳,0.0,0.0,0.0,0.0,0.0,0.0,0.0,0.0,0.0,5100.0,0.0,0.0,0.0,0.0,0.0,0.0,0.0,0.0,0.0
2023-08-20,札幌,手稲山特･2勝,自己条件,1,ヤマニンルリュール,ヴィクトワールピサ,5,富田暁,1200,稍,,9.0,13.8,0.0,芝,短距離,芝道悪,,右回り,5歳以上,0.0,0.0,0.0,0.0,0.0,0.0,0.0,0.0,0.0,1900.0,0.0,0.0,0.0,0.0,0.0,0.0,0.0,0.0,0.0
2023-08-20,新潟,未勝利,未勝利,13,アンナジーク,ヴィクトワールピサ,3,大野拓弥,2000,良,,6.7,10.2,890.0,芝,中距離,,,左回り,3歳,890.0,890.0,890.0,890.0,890.0,890.0,890.0,890.0,890.0,2600.0,23140.0,23140.0,23140.0,23140.0,23140.0,23140.0,23140.0,23140.0,23140.0
2023-08-20,小倉,未勝利,未勝利,17,ニホンピロソラーナ,ヴィクトワールピサ,3,幸英明,1200,良,,3.5,5.4,0.0,芝,短距離,,,右回り,3歳,0.0,0.0,0.0,0.0,0.0,0.0,0.0,0.0,0.0,5000.0,0.0,0.0,0.0,0.0,0.0,0.0,0.0,0.0,0.0
2023-08-19,札幌,富良野特･1勝,自己条件,14,プリティユニバンス,ヴィクトワールピサ,6,佐々木大,2000,良,,5.0,9.0,0.0,芝,中距離,,,右回り,5歳以上,0.0,0.0,0.0,0.0,0.0,0.0,0.0,0.0,0.0,3500.0,0.0,0.0,0.0,0.0,0.0,0.0,0.0,0.0,0.0
2023-08-19,札幌,未勝利,未勝利,14,オリンポスカズマ,ヴィクトワールピサ,3,モレイラ,1700,良,,1.2,1.6,140.0,ダート,中距離,,,右回り,3歳,131.6,131.6,131.6,132.3,132.3,132.3,133.0,133.0,133.0,14500.0,19082.0,19082.0,19082.0,19183.5,19183.5,19183.5,19285.0,19285.0,19285.0
2023-08-19,小倉,未勝利,未勝利,10,ワカタツフェイス,ヴィクトワールピサ,3,荻野極,1800,良,,4.5,6.7,0.0,芝,中距離,,,右回り,3歳,0.0,0.0,0.0,0.0,0.0,0.0,0.0,0.0,0.0,3900.0,0.0,0.0,0.0,0.0,0.0,0.0,0.0,0.0,0.0
2023-08-19,小倉,未勝利,未勝利,15,ルージュアウラ,ヴィクトワールピサ,3,坂井瑠星,1800,良,,3.1,4.6,0.0,芝,中距離,,,右回り,3歳,0.0,0.0,0.0,0.0,0.0,0.0,0.0,0.0,0.0,5600.0,0.0,0.0,0.0,0.0,0.0,0.0,0.0,0.0,0.0
2023-08-19,小倉,未勝利,未勝利,8,グランドグラン,ヴィクトワールピサ,3,城戸義政,1700,良,,44.9,71.5,0.0,ダート,中距離,,,右回り,3歳,0.0,0.0,0.0,0.0,0.0,0.0,0.0,0.0,0.0,400.0,0.0,0.0,0.0,0.0,0.0,0.0,0.0,0.0,0.0
2023-08-13,札幌,未勝利,未勝利,13,ハットグットゲット,ヴィクトワールピサ,3,小林勝太,1700,良,,2.6,5.2,0.0,ダート,中距離,,,右回り,3歳,0.0,0.0,0.0,0.0,0.0,0.0,0.0,0.0,0.0,6700.0,0.0,0.0,0.0,0.0,0.0,0.0,0.0,0.0,0.0
2023-08-13,新潟,１勝ｸﾗｽ,自己条件,7,オメガキャプテン,ヴィクトワールピサ,3,戸崎圭太,1400,良,,1.3,1.6,150.0,芝,短距離,,,左回り,3歳,141.0,141.0,141.0,141.75,141.75,141.75,142.5,142.5,142.5,13400.0,18894.0,18894.0,18894.0,18994.5,18994.5,18994.5,19095.0,19095.0,19095.0
2023-08-13,新潟,関屋記念G3,重賞,3,フォルコメン,ヴィクトワールピサ,7,大野拓弥,1600,良,,25.6,35.7,0.0,芝,短距離,,,左回り,5歳以上,0.0,0.0,0.0,0.0,0.0,0.0,0.0,0.0,0.0,700.0,0.0,0.0,0.0,0.0,0.0,0.0,0.0,0.0,0.0
2023-08-13,小倉,未勝利,未勝利,8,デルマスソバライ,ヴィクトワールピサ,3,岩田望来,2000,良,,22.1,36.6,0.0,芝,中距離,,,右回り,3歳,0.0,0.0,0.0,0.0,0.0,0.0,0.0,0.0,0.0,800.0,0.0,0.0,0.0,0.0,0.0,0.0,0.0,0.0,0.0
2023-08-13,小倉,未勝利・牝,未勝利,10,アネラアーニャ,ヴィクトワールピサ,3,団野大成,1700,良,,30.6,51.3,0.0,ダート,中距離,,,右回り,3歳,0.0,0.0,0.0,0.0,0.0,0.0,0.0,0.0,0.0,600.0,0.0,0.0,0.0,0.0,0.0,0.0,0.0,0.0,0.0
2023-08-13,小倉,未勝利,未勝利,1,ジョーシーゲル,ヴィクトワールピサ,3,川須栄彦,1200,良,,2.2,3.7,0.0,芝,短距離,,,右回り,3歳,0.0,0.0,0.0,0.0,0.0,0.0,0.0,0.0,0.0,7900.0,0.0,0.0,0.0,0.0,0.0,0.0,0.0,0.0,0.0
2023-08-12,小倉,新馬・牝,新馬,4,セイウンデセオ,ヴィクトワールピサ,2,今村聖奈,1200,良,,1.9,2.6,220.0,芝,短距離,,,右回り,2歳,220.0,220.0,220.0,220.0,220.0,220.0,220.0,220.0,220.0,9100.0,20020.0,20020.0,20020.0,20020.0,20020.0,20020.0,20020.0,20020.0,20020.0
2023-08-06,札幌,１勝ｸﾗｽ・牝,自己条件,16,アイヲツグモノ,ヴィクトワールピサ,3,古川奈穂,1200,重,,13.6,22.1,0.0,芝,短距離,芝道悪,,右回り,3歳,0.0,0.0,0.0,0.0,0.0,0.0,0.0,0.0,0.0,1300.0,0.0,0.0,0.0,0.0,0.0,0.0,0.0,0.0,0.0
2023-08-06,札幌,札幌スポ･2勝,自己条件,9,ガリレイ,ヴィクトワールピサ,6,古川吉洋,1200,重,,4.4,6.7,0.0,芝,短距離,芝道悪,,右回り,5歳以上,0.0,0.0,0.0,0.0,0.0,0.0,0.0,0.0,0.0,3900.0,0.0,0.0,0.0,0.0,0.0,0.0,0.0,0.0,0.0
2023-08-06,新潟,１勝ｸﾗｽ,自己条件,3,パルティクラール,ヴィクトワールピサ,3,津村明秀,1600,良,,1.9,2.6,200.0,芝,短距離,,,左回り,3歳,200.0,200.0,200.0,200.0,200.0,200.0,200.0,200.0,200.0,9100.0,18200.0,18200.0,18200.0,18200.0,18200.0,18200.0,18200.0,18200.0,18200.0
2023-08-06,新潟,レパードG3,重賞,10,パクスオトマニカ,ヴィクトワールピサ,3,田辺裕信,1800,良,,4.8,7.1,0.0,ダート,中距離,,,左回り,3歳,0.0,0.0,0.0,0.0,0.0,0.0,0.0,0.0,0.0,3600.0,0.0,0.0,0.0,0.0,0.0,0.0,0.0,0.0,0.0
2023-08-05,新潟,月岡温泉･2勝,自己条件,10,コスモサガルマータ,ヴィクトワールピサ,3,川田将雅,2000,良,,1.4,1.9,150.0,芝,中距離,,,左回り,3歳,141.0,141.0,141.0,141.75,141.75,141.75,142.5,142.5,142.5,12400.0,17484.0,17484.0,17484.0,17577.0,17577.0,17577.0,17670.0,17670.0,17670.0
2023-08-05,新潟,未勝利,未勝利,11,ニホンピロソラーナ,ヴィクトワールピサ,3,幸英明,1200,良,,7.5,11.6,0.0,芝,短距離,,,左回り,3歳,0.0,0.0,0.0,0.0,0.0,0.0,0.0,0.0,0.0,2300.0,0.0,0.0,0.0,0.0,0.0,0.0,0.0,0.0,0.0
2023-07-30,札幌,阿寒湖特･2勝,自己条件,14,ニャンチンノン,ヴィクトワールピサ,4,松山弘平,2600,良,,14.5,25.5,0.0,芝,長距離,,,右回り,4歳,0.0,0.0,0.0,0.0,0.0,0.0,0.0,0.0,0.0,1200.0,0.0,0.0,0.0,0.0,0.0,0.0,0.0,0.0,0.0
2023-07-30,札幌,未勝利,未勝利,13,オリンポスカズマ,ヴィクトワールピサ,3,和田竜二,1700,良,,1.7,2.8,210.0,ダート,中距離,,,右回り,3歳,210.0,210.0,210.0,210.0,210.0,210.0,210.0,210.0,210.0,10200.0,21420.0,21420.0,21420.0,21420.0,21420.0,21420.0,21420.0,21420.0,21420.0
2023-07-30,新潟,新馬,新馬,3,サクセスビクトリー,ヴィクトワールピサ,2,内田博幸,1800,良,,13.5,34.6,0.0,芝,中距離,,,左回り,2歳,0.0,0.0,0.0,0.0,0.0,0.0,0.0,0.0,0.0,1300.0,0.0,0.0,0.0,0.0,0.0,0.0,0.0,0.0,0.0
2023-07-29,札幌,積丹特別･1勝,自己条件,7,ノートルプロメス,ヴィクトワールピサ,4,池添謙一,2600,良,,4.1,6.1,0.0,芝,長距離,,,右回り,4歳,0.0,0.0,0.0,0.0,0.0,0.0,0.0,0.0,0.0,4200.0,0.0,0.0,0.0,0.0,0.0,0.0,0.0,0.0,0.0
2023-07-29,新潟,１勝ｸﾗｽ,自己条件,5,ミネヒメ,ヴィクトワールピサ,3,嶋田純次,1000,良,,3.3,5.0,0.0,芝,短距離,,,左回り,3歳,0.0,0.0,0.0,0.0,0.0,0.0,0.0,0.0,0.0,5300.0,0.0,0.0,0.0,0.0,0.0,0.0,0.0,0.0,0.0
2023-07-29,新潟,関越Ｓ,OP,5,アサマノイタズラ,ヴィクトワールピサ,5,嶋田純次,1800,良,,16.6,25.3,0.0,芝,中距離,,,左回り,5歳以上,0.0,0.0,0.0,0.0,0.0,0.0,0.0,0.0,0.0,1000.0,0.0,0.0,0.0,0.0,0.0,0.0,0.0,0.0,0.0
2023-07-29,新潟,新潟ジャJG3,OP,6,ナリノモンターニュ,ヴィクトワールピサ,6,金子光希,3250,良,,3.1,5.1,0.0,障害,長距離,,,左回り,5歳以上,0.0,0.0,0.0,0.0,0.0,0.0,0.0,0.0,0.0,5600.0,0.0,0.0,0.0,0.0,0.0,0.0,0.0,0.0,0.0
2023-07-23,福島,障害未勝利,未勝利,10,アグネスクウ,ヴィクトワールピサ,3,小野寺祐,2770,良,,15.1,26.2,0.0,障害,長距離,,,右回り,3歳,0.0,0.0,0.0,0.0,0.0,0.0,0.0,0.0,0.0,1200.0,0.0,0.0,0.0,0.0,0.0,0.0,0.0,0.0,0.0
2023-07-23,中京,未勝利,未勝利,6,ジョーシーゲル,ヴィクトワールピサ,3,川須栄彦,1200,良,,2.7,3.8,0.0,芝,短距離,,,左回り,3歳,0.0,0.0,0.0,0.0,0.0,0.0,0.0,0.0,0.0,6400.0,0.0,0.0,0.0,0.0,0.0,0.0,0.0,0.0,0.0
2023-07-22,福島,１勝ｸﾗｽ,自己条件,13,フェスティヴラジャ,ヴィクトワールピサ,3,菊沢一樹,1150,良,,2.5,3.6,0.0,ダート,短距離,,,右回り,3歳,0.0,0.0,0.0,0.0,0.0,0.0,0.0,0.0,0.0,6900.0,0.0,0.0,0.0,0.0,0.0,0.0,0.0,0.0,0.0
2023-07-22,福島,未勝利,未勝利,4,アンナジーク,ヴィクトワールピサ,3,大野拓弥,2000,良,,3.0,4.6,0.0,芝,中距離,,,右回り,3歳,0.0,0.0,0.0,0.0,0.0,0.0,0.0,0.0,0.0,5800.0,0.0,0.0,0.0,0.0,0.0,0.0,0.0,0.0,0.0
2023-07-22,中京,障害・オープ,OP,5,ポールトゥウィン,ヴィクトワールピサ,6,小牧加矢,3330,良,,1.6,2.1,0.0,障害,長距離,,,左回り,5歳以上,0.0,0.0,0.0,0.0,0.0,0.0,0.0,0.0,0.0,10900.0,0.0,0.0,0.0,0.0,0.0,0.0,0.0,0.0,0.0
2023-07-22,中京,未勝利,未勝利,13,ハイクライテリア,ヴィクトワールピサ,3,国分優作,1200,良,,13.5,28.3,0.0,ダート,短距離,,,左回り,3歳,0.0,0.0,0.0,0.0,0.0,0.0,0.0,0.0,0.0,1300.0,0.0,0.0,0.0,0.0,0.0,0.0,0.0,0.0,0.0
2023-07-16,函館,函館記念ＨG3,重賞,6,ロングラン,ヴィクトワールピサ,5,勝浦正樹,2000,稍,,11.8,16.1,0.0,芝,中距離,芝道悪,,右回り,5歳以上,0.0,0.0,0.0,0.0,0.0,0.0,0.0,0.0,0.0,1500.0,0.0,0.0,0.0,0.0,0.0,0.0,0.0,0.0,0.0
2023-07-16,函館,未勝利,未勝利,6,オリンポスカズマ,ヴィクトワールピサ,3,和田竜二,1700,重,,4.5,7.6,0.0,ダート,中距離,ダ道悪,,右回り,3歳,0.0,0.0,0.0,0.0,0.0,0.0,0.0,0.0,0.0,3900.0,0.0,0.0,0.0,0.0,0.0,0.0,0.0,0.0,0.0
2023-07-15,函館,１勝ｸﾗｽ・牝,自己条件,3,アイヲツグモノ,ヴィクトワールピサ,3,浜中俊,1200,重,,3.5,5.1,0.0,芝,短距離,芝道悪,,右回り,3歳,0.0,0.0,0.0,0.0,0.0,0.0,0.0,0.0,0.0,5000.0,0.0,0.0,0.0,0.0,0.0,0.0,0.0,0.0,0.0
2023-07-15,中京,大府特別･2勝,自己条件,2,メイショウポペット,ヴィクトワールピサ,3,角田大河,1800,良,,2.8,5.4,280.0,ダート,中距離,,,左回り,3歳,280.0,280.0,280.0,280.0,280.0,280.0,280.0,280.0,280.0,6200.0,17360.0,17360.0,17360.0,17360.0,17360.0,17360.0,17360.0,17360.0,17360.0
2023-07-15,中京,未勝利,未勝利,1,ヤマニンアルテシマ,ヴィクトワールピサ,3,藤懸貴志,1400,稍,,27.2,85.2,0.0,ダート,短距離,ダ道悪,,左回り,3歳,0.0,0.0,0.0,0.0,0.0,0.0,0.0,0.0,0.0,600.0,0.0,0.0,0.0,0.0,0.0,0.0,0.0,0.0,0.0
2023-07-09,福島,天の川賞･2勝,自己条件,4,グアドループ,ヴィクトワールピサ,5,三浦皇成,1700,良,,6.6,18.7,0.0,ダート,中距離,,,右回り,5歳以上,0.0,0.0,0.0,0.0,0.0,0.0,0.0,0.0,0.0,2600.0,0.0,0.0,0.0,0.0,0.0,0.0,0.0,0.0,0.0
2023-07-09,福島,１勝ｸﾗｽ,自己条件,12,パルティクラール,ヴィクトワールピサ,3,津村明秀,1800,良,,2.8,4.4,340.0,芝,中距離,,,右回り,3歳,340.0,340.0,340.0,340.0,340.0,340.0,340.0,340.0,340.0,6200.0,21080.0,21080.0,21080.0,21080.0,21080.0,21080.0,21080.0,21080.0,21080.0
2023-07-08,函館,北斗特別･1勝,自己条件,5,プリティユニバンス,ヴィクトワールピサ,6,亀田温心,2000,良,,1.8,2.8,0.0,芝,中距離,,,右回り,5歳以上,0.0,0.0,0.0,0.0,0.0,0.0,0.0,0.0,0.0,9600.0,0.0,0.0,0.0,0.0,0.0,0.0,0.0,0.0,0.0
2023-07-08,函館,北斗特別･1勝,自己条件,10,ノートルプロメス,ヴィクトワールピサ,4,横山和生,2000,良,,1.9,3.0,0.0,芝,中距離,,,右回り,4歳,0.0,0.0,0.0,0.0,0.0,0.0,0.0,0.0,0.0,9100.0,0.0,0.0,0.0,0.0,0.0,0.0,0.0,0.0,0.0
2023-07-08,福島,未勝利,未勝利,2,ニシノカナン,ヴィクトワールピサ,3,大野拓弥,2000,良,,11.8,20.2,0.0,芝,中距離,,,右回り,3歳,0.0,0.0,0.0,0.0,0.0,0.0,0.0,0.0,0.0,1500.0,0.0,0.0,0.0,0.0,0.0,0.0,0.0,0.0,0.0
2023-07-02,函館,巴賞,OP,1,エンデュミオン,ヴィクトワールピサ,6,斎藤新,1800,良,,2.1,3.8,0.0,芝,中距離,,,右回り,5歳以上,0.0,0.0,0.0,0.0,0.0,0.0,0.0,0.0,0.0,8300.0,0.0,0.0,0.0,0.0,0.0,0.0,0.0,0.0,0.0
2023-07-02,函館,巴賞,OP,4,フォルコメン,ヴィクトワールピサ,7,浜中俊,1800,良,,2.7,5.0,0.0,芝,中距離,,,右回り,5歳以上,0.0,0.0,0.0,0.0,0.0,0.0,0.0,0.0,0.0,6400.0,0.0,0.0,0.0,0.0,0.0,0.0,0.0,0.0,0.0
2023-07-02,函館,立待岬特･2勝,自己条件,9,ヤマニンルリュール,ヴィクトワールピサ,5,古川吉洋,1200,良,,4.9,7.2,0.0,芝,短距離,,,右回り,5歳以上,0.0,0.0,0.0,0.0,0.0,0.0,0.0,0.0,0.0,3500.0,0.0,0.0,0.0,0.0,0.0,0.0,0.0,0.0,0.0
2023-07-02,函館,１勝ｸﾗｽ,自己条件,7,スイーツバイキング,ヴィクトワールピサ,3,浜中俊,1800,良,,1.6,2.6,0.0,芝,中距離,,,右回り,3歳,0.0,0.0,0.0,0.0,0.0,0.0,0.0,0.0,0.0,10900.0,0.0,0.0,0.0,0.0,0.0,0.0,0.0,0.0,0.0
2023-07-02,福島,未勝利・牝,未勝利,16,アンナジーク,ヴィクトワールピサ,3,大野拓弥,2000,良,,2.5,4.0,0.0,芝,中距離,,,右回り,3歳,0.0,0.0,0.0,0.0,0.0,0.0,0.0,0.0,0.0,6900.0,0.0,0.0,0.0,0.0,0.0,0.0,0.0,0.0,0.0
2023-07-02,福島,未勝利,未勝利,9,フライウィズミー,ヴィクトワールピサ,3,吉田豊,1200,良,,1.1,1.1,0.0,芝,短距離,,,右回り,3歳,0.0,0.0,0.0,0.0,0.0,0.0,0.0,0.0,0.0,15800.0,0.0,0.0,0.0,0.0,0.0,0.0,0.0,0.0,0.0
2023-07-02,中京,ＣＢＣ賞ＨG3,重賞,11,ディヴィナシオン,ヴィクトワールピサ,6,川田将雅,1200,良,,3.1,5.5,0.0,芝,短距離,,,左回り,5歳以上,0.0,0.0,0.0,0.0,0.0,0.0,0.0,0.0,0.0,5600.0,0.0,0.0,0.0,0.0,0.0,0.0,0.0,0.0,0.0
2023-07-02,中京,木曽川特･2勝,自己条件,6,ニャンチンノン,ヴィクトワールピサ,4,藤岡康太,2200,良,,5.0,17.9,0.0,芝,中距離,,,左回り,4歳,0.0,0.0,0.0,0.0,0.0,0.0,0.0,0.0,0.0,3500.0,0.0,0.0,0.0,0.0,0.0,0.0,0.0,0.0,0.0
2023-07-02,中京,未勝利,未勝利,4,ジョーシーゲル,ヴィクトワールピサ,3,川須栄彦,1400,稍,,4.2,6.5,0.0,芝,短距離,芝道悪,,左回り,3歳,0.0,0.0,0.0,0.0,0.0,0.0,0.0,0.0,0.0,4100.0,0.0,0.0,0.0,0.0,0.0,0.0,0.0,0.0,0.0
2023-07-01,福島,障害未勝利,未勝利,13,アグネスクウ,ヴィクトワールピサ,3,小野寺祐,2750,稍,,15.8,25.4,0.0,障害,長距離,,,右回り,3歳,0.0,0.0,0.0,0.0,0.0,0.0,0.0,0.0,0.0,1100.0,0.0,0.0,0.0,0.0,0.0,0.0,0.0,0.0,0.0
2023-06-25,函館,１勝ｸﾗｽ,自己条件,5,アイヲツグモノ,ヴィクトワールピサ,3,古川奈穂,1200,良,,1.7,2.3,0.0,芝,短距離,,,右回り,3歳,0.0,0.0,0.0,0.0,0.0,0.0,0.0,0.0,0.0,10200.0,0.0,0.0,0.0,0.0,0.0,0.0,0.0,0.0,0.0
2023-06-25,函館,１勝ｸﾗｽ,自己条件,8,ノートルプロメス,ヴィクトワールピサ,4,横山和生,2600,良,,1.9,2.7,220.0,芝,長距離,,,右回り,4歳,220.0,220.0,220.0,220.0,220.0,220.0,220.0,220.0,220.0,9100.0,20020.0,20020.0,20020.0,20020.0,20020.0,20020.0,20020.0,20020.0,20020.0
2023-06-25,東京,パラダＨ(L),OP,7,レイモンドバローズ,ヴィクトワールピサ,5,石橋脩,1400,良,,2.3,2.9,0.0,芝,短距離,,,左回り,5歳以上,0.0,0.0,0.0,0.0,0.0,0.0,0.0,0.0,0.0,7600.0,0.0,0.0,0.0,0.0,0.0,0.0,0.0,0.0,0.0
2023-06-25,東京,１勝ｸﾗｽ,自己条件,9,マイネルカグラ,ヴィクトワールピサ,4,杉原誠人,2000,良,,18.1,87.6,0.0,芝,中距離,,,左回り,4歳,0.0,0.0,0.0,0.0,0.0,0.0,0.0,0.0,0.0,1000.0,0.0,0.0,0.0,0.0,0.0,0.0,0.0,0.0,0.0
2023-06-24,函館,竜飛崎特･2勝,自己条件,6,メイショウポペット,ヴィクトワールピサ,3,武豊,1700,重,,1.5,2.0,0.0,ダート,中距離,ダ道悪,,右回り,3歳,0.0,0.0,0.0,0.0,0.0,0.0,0.0,0.0,0.0,11600.0,0.0,0.0,0.0,0.0,0.0,0.0,0.0,0.0,0.0
2023-06-24,東京,江の島Ｓ･3勝,自己条件,11,トーセンメラニー,ヴィクトワールピサ,5,原優介,2000,良,,6.3,10.3,0.0,芝,中距離,,,左回り,5歳以上,0.0,0.0,0.0,0.0,0.0,0.0,0.0,0.0,0.0,2800.0,0.0,0.0,0.0,0.0,0.0,0.0,0.0,0.0,0.0
2023-06-24,阪神,ストーク･3勝,自己条件,3,メイショウドウドウ,ヴィクトワールピサ,8,泉谷楓真,1400,良,,5.2,7.4,0.0,芝,短距離,,,右回り,5歳以上,0.0,0.0,0.0,0.0,0.0,0.0,0.0,0.0,0.0,3300.0,0.0,0.0,0.0,0.0,0.0,0.0,0.0,0.0,0.0
2023-06-24,阪神,未勝利・牝,未勝利,14,デルマスソバライ,ヴィクトワールピサ,3,田口貫太,1800,良,,14.2,29.4,0.0,芝,中距離,,,右回り,3歳,0.0,0.0,0.0,0.0,0.0,0.0,0.0,0.0,0.0,1200.0,0.0,0.0,0.0,0.0,0.0,0.0,0.0,0.0,0.0
2023-06-24,阪神,未勝利,未勝利,14,ライトライズライト,ヴィクトワールピサ,3,西村淳也,1800,稍,,4.7,6.8,0.0,ダート,中距離,ダ道悪,,右回り,3歳,0.0,0.0,0.0,0.0,0.0,0.0,0.0,0.0,0.0,3700.0,0.0,0.0,0.0,0.0,0.0,0.0,0.0,0.0,0.0
2023-06-24,阪神,未勝利,未勝利,10,ジャージー,ヴィクトワールピサ,3,国分優作,1800,稍,,95.7,143.1,0.0,ダート,中距離,ダ道悪,,右回り,3歳,0.0,0.0,0.0,0.0,0.0,0.0,0.0,0.0,0.0,200.0,0.0,0.0,0.0,0.0,0.0,0.0,0.0,0.0,0.0
2023-06-18,函館,八雲特別･1勝,自己条件,6,プリティユニバンス,ヴィクトワールピサ,6,亀田温心,1800,良,,2.5,3.4,280.0,芝,中距離,,,右回り,5歳以上,280.0,280.0,280.0,280.0,280.0,280.0,280.0,280.0,280.0,6900.0,19320.0,19320.0,19320.0,19320.0,19320.0,19320.0,19320.0,19320.0,19320.0
2023-06-18,函館,１勝ｸﾗｽ,自己条件,10,アイヲツグモノ,ヴィクトワールピサ,3,古川奈穂,1200,良,,3.3,4.8,0.0,芝,短距離,,,右回り,3歳,0.0,0.0,0.0,0.0,0.0,0.0,0.0,0.0,0.0,5300.0,0.0,0.0,0.0,0.0,0.0,0.0,0.0,0.0,0.0
2023-06-18,東京,未勝利,未勝利,9,オメガキャプテン,ヴィクトワールピサ,3,戸崎圭太,1400,良,,1.2,1.5,140.0,芝,短距離,,,左回り,3歳,131.6,131.6,131.6,132.3,132.3,132.3,133.0,133.0,133.0,14500.0,19082.0,19082.0,19082.0,19183.5,19183.5,19183.5,19285.0,19285.0,19285.0
2023-06-18,東京,未勝利,未勝利,6,フライウィズミー,ヴィクトワールピサ,3,川田将雅,1400,良,,1.7,2.8,220.0,芝,短距離,,,左回り,3歳,220.0,220.0,220.0,220.0,220.0,220.0,220.0,220.0,220.0,10200.0,22440.0,22440.0,22440.0,22440.0,22440.0,22440.0,22440.0,22440.0,22440.0
2023-06-18,東京,障害未勝利,未勝利,4,ナリノモンターニュ,ヴィクトワールピサ,6,金子光希,3000,良,,1.0,1.1,100.0,障害,長距離,,,左回り,5歳以上,94.0,94.0,94.0,94.5,94.5,94.5,95.0,95.0,95.0,17400.0,16356.0,16356.0,16356.0,16443.0,16443.0,16443.0,16530.0,16530.0,16530.0
2023-06-18,阪神,皆生特別･2勝,自己条件,11,ネバーゴーンアウト,ヴィクトワールピサ,6,泉谷楓真,1600,良,,28.4,46.5,0.0,芝,短距離,,,右回り,5歳以上,0.0,0.0,0.0,0.0,0.0,0.0,0.0,0.0,0.0,600.0,0.0,0.0,0.0,0.0,0.0,0.0,0.0,0.0,0.0
2023-06-18,阪神,未勝利,未勝利,11,ワカタツフェイス,ヴィクトワールピサ,3,西村淳也,1400,良,,1.4,1.9,0.0,芝,短距離,,,右回り,3歳,0.0,0.0,0.0,0.0,0.0,0.0,0.0,0.0,0.0,12400.0,0.0,0.0,0.0,0.0,0.0,0.0,0.0,0.0,0.0
2023-06-18,阪神,未勝利,未勝利,5,ヴァルダリス,ヴィクトワールピサ,3,永島まな,1400,良,,4.0,6.3,0.0,芝,短距離,,,右回り,3歳,0.0,0.0,0.0,0.0,0.0,0.0,0.0,0.0,0.0,4300.0,0.0,0.0,0.0,0.0,0.0,0.0,0.0,0.0,0.0
2023-06-17,函館,未勝利,未勝利,2,スイーツバイキング,ヴィクトワールピサ,3,浜中俊,1800,良,,2.7,4.5,310.0,芝,中距離,,,右回り,3歳,310.0,310.0,310.0,310.0,310.0,310.0,310.0,310.0,310.0,6400.0,19840.0,19840.0,19840.0,19840.0,19840.0,19840.0,19840.0,19840.0,19840.0
2023-06-17,東京,相模湖特･2勝,自己条件,5,トーカイキング,ヴィクトワールピサ,5,川又賢治,1400,良,,36.3,63.4,0.0,芝,短距離,,,左回り,5歳以上,0.0,0.0,0.0,0.0,0.0,0.0,0.0,0.0,0.0,500.0,0.0,0.0,0.0,0.0,0.0,0.0,0.0,0.0,0.0
2023-06-17,東京,１勝ｸﾗｽ,自己条件,9,マイネルカグラ,ヴィクトワールピサ,4,Ｍ．デム,2400,良,,2.2,10.6,0.0,芝,長距離,,,左回り,4歳,0.0,0.0,0.0,0.0,0.0,0.0,0.0,0.0,0.0,7900.0,0.0,0.0,0.0,0.0,0.0,0.0,0.0,0.0,0.0
2023-06-17,東京,未勝利,未勝利,7,イデアテッシン,ヴィクトワールピサ,3,内田博幸,1300,良,,32.3,62.1,0.0,ダート,短距離,,,左回り,3歳,0.0,0.0,0.0,0.0,0.0,0.0,0.0,0.0,0.0,500.0,0.0,0.0,0.0,0.0,0.0,0.0,0.0,0.0,0.0
2023-06-17,阪神,未勝利,未勝利,3,ハイクライテリア,ヴィクトワールピサ,3,国分優作,1400,良,,18.1,26.3,0.0,ダート,短距離,,,右回り,3歳,0.0,0.0,0.0,0.0,0.0,0.0,0.0,0.0,0.0,1000.0,0.0,0.0,0.0,0.0,0.0,0.0,0.0,0.0,0.0
2023-06-11,函館,１勝ｸﾗｽ,自己条件,2,メイショウポペット,ヴィクトワールピサ,3,角田大和,1700,稍,,1.5,2.7,190.0,ダート,中距離,ダ道悪,,右回り,3歳,178.6,178.6,178.6,179.55,179.55,179.55,180.5,180.5,180.5,11600.0,20717.6,20717.6,20717.6,20827.8,20827.8,20827.8,20938.0,20938.0,20938.0
2023-06-11,函館,函館スプG3,重賞,9,ディヴィナシオン,ヴィクトワールピサ,6,松田大作,1200,良,,8.2,11.9,0.0,芝,短距離,,,右回り,5歳以上,0.0,0.0,0.0,0.0,0.0,0.0,0.0,0.0,0.0,2100.0,0.0,0.0,0.0,0.0,0.0,0.0,0.0,0.0,0.0
2023-06-11,東京,未勝利,未勝利,6,ハットグットゲット,ヴィクトワールピサ,3,レーン,1400,重,,1.8,3.1,0.0,ダート,短距離,ダ道悪,,左回り,3歳,0.0,0.0,0.0,0.0,0.0,0.0,0.0,0.0,0.0,9600.0,0.0,0.0,0.0,0.0,0.0,0.0,0.0,0.0,0.0
2023-06-11,阪神,三田特別･2勝,自己条件,5,ニャンチンノン,ヴィクトワールピサ,4,団野大成,2400,稍,,11.3,18.0,1360.0,芝,長距離,芝道悪,,右回り,4歳,1360.0,1360.0,1360.0,1360.0,1360.0,1360.0,1360.0,1360.0,1360.0,1500.0,20400.0,20400.0,20400.0,20400.0,20400.0,20400.0,20400.0,20400.0,20400.0
2023-06-10,函館,函館日刊･2勝,自己条件,7,ヤマニンルリュール,ヴィクトワールピサ,5,富田暁,1200,良,,3.3,4.5,0.0,芝,短距離,,,右回り,5歳以上,0.0,0.0,0.0,0.0,0.0,0.0,0.0,0.0,0.0,5300.0,0.0,0.0,0.0,0.0,0.0,0.0,0.0,0.0,0.0
2023-06-10,東京,青梅特別･2勝,自己条件,7,ヤマニンバンタジオ,ヴィクトワールピサ,9,吉田豊,1600,稍,,67.7,113.7,0.0,ダート,短距離,ダ道悪,,左回り,5歳以上,0.0,0.0,0.0,0.0,0.0,0.0,0.0,0.0,0.0,300.0,0.0,0.0,0.0,0.0,0.0,0.0,0.0,0.0,0.0
2023-06-10,東京,新馬,新馬,12,ララヴィエルジュ,ヴィクトワールピサ,2,原田和真,1600,良,,17.3,75.5,6450.0,芝,短距離,,,左回り,2歳,10642.5,10965.0,11287.5,10642.5,10965.0,11287.5,10642.5,10965.0,11287.5,1000.0,106425.0,109650.0,112875.0,106425.0,109650.0,112875.0,106425.0,109650.0,112875.0
2023-06-10,阪神,水無月Ｓ･3勝,自己条件,6,メイショウドウドウ,ヴィクトワールピサ,8,西村淳也,1200,良,,2.5,3.5,0.0,芝,短距離,,,右回り,5歳以上,0.0,0.0,0.0,0.0,0.0,0.0,0.0,0.0,0.0,6900.0,0.0,0.0,0.0,0.0,0.0,0.0,0.0,0.0,0.0
2023-06-10,阪神,未勝利,未勝利,5,ライトライズライト,ヴィクトワールピサ,3,岩田望来,1800,稍,,2.3,4.3,0.0,ダート,中距離,ダ道悪,,右回り,3歳,0.0,0.0,0.0,0.0,0.0,0.0,0.0,0.0,0.0,7600.0,0.0,0.0,0.0,0.0,0.0,0.0,0.0,0.0,0.0
2023-06-10,阪神,未勝利,未勝利,12,アネラアーニャ,ヴィクトワールピサ,3,鮫島良太,1800,稍,,64.4,130.0,0.0,ダート,中距離,ダ道悪,,右回り,3歳,0.0,0.0,0.0,0.0,0.0,0.0,0.0,0.0,0.0,300.0,0.0,0.0,0.0,0.0,0.0,0.0,0.0,0.0,0.0
2023-06-04,東京,未勝利,未勝利,14,ケイツードラム,ヴィクトワールピサ,3,北村宏司,1400,重,,1.4,1.8,160.0,ダート,短距離,ダ道悪,,左回り,3歳,150.4,150.4,150.4,151.2,151.2,151.2,152.0,152.0,152.0,12400.0,18649.6,18649.6,18649.6,18748.8,18748.8,18748.8,18848.0,18848.0,18848.0
2023-06-04,東京,未勝利,未勝利,10,フライウィズミー,ヴィクトワールピサ,3,川田将雅,1400,稍,,1.8,2.7,0.0,芝,短距離,芝道悪,,左回り,3歳,0.0,0.0,0.0,0.0,0.0,0.0,0.0,0.0,0.0,9600.0,0.0,0.0,0.0,0.0,0.0,0.0,0.0,0.0,0.0
2023-06-03,東京,由比ヶＨ･2勝,自己条件,2,ネバーゴーンアウト,ヴィクトワールピサ,6,水沼元輝,1400,重,,14.6,24.7,0.0,芝,短距離,芝道悪,,左回り,5歳以上,0.0,0.0,0.0,0.0,0.0,0.0,0.0,0.0,0.0,1200.0,0.0,0.0,0.0,0.0,0.0,0.0,0.0,0.0,0.0
2023-06-03,東京,稲城特別･1勝,自己条件,6,マイネルカグラ,ヴィクトワールピサ,4,丹内祐次,2400,不,,13.3,17.4,0.0,芝,長距離,芝道悪,,左回り,4歳,0.0,0.0,0.0,0.0,0.0,0.0,0.0,0.0,0.0,1300.0,0.0,0.0,0.0,0.0,0.0,0.0,0.0,0.0,0.0
2023-05-28,東京,東京優駿G1,重賞,16,パクスオトマニカ,ヴィクトワールピサ,3,田辺裕信,2400,良,,31.2,61.9,0.0,芝,長距離,,,左回り,3歳,0.0,0.0,0.0,0.0,0.0,0.0,0.0,0.0,0.0,600.0,0.0,0.0,0.0,0.0,0.0,0.0,0.0,0.0,0.0
2023-05-28,東京,未勝利,未勝利,15,ラヴスウィートリー,ヴィクトワールピサ,3,佐藤翔馬,1600,良,,83.4,140.2,0.0,芝,短距離,,,左回り,3歳,0.0,0.0,0.0,0.0,0.0,0.0,0.0,0.0,0.0,200.0,0.0,0.0,0.0,0.0,0.0,0.0,0.0,0.0,0.0
2023-05-28,東京,未勝利,未勝利,14,ミュークレア,ヴィクトワールピサ,3,小林勝太,2100,良,,89.9,210.0,0.0,ダート,中距離,,,左回り,3歳,0.0,0.0,0.0,0.0,0.0,0.0,0.0,0.0,0.0,200.0,0.0,0.0,0.0,0.0,0.0,0.0,0.0,0.0,0.0
2023-05-28,東京,未勝利,未勝利,2,ハットグットゲット,ヴィクトワールピサ,3,永野猛蔵,1600,良,,2.3,4.8,0.0,ダート,短距離,,,左回り,3歳,0.0,0.0,0.0,0.0,0.0,0.0,0.0,0.0,0.0,7600.0,0.0,0.0,0.0,0.0,0.0,0.0,0.0,0.0,0.0
2023-05-28,京都,渡月橋Ｓ･3勝,自己条件,11,メイショウドウドウ,ヴィクトワールピサ,8,団野大成,1400,良,,1.8,2.4,0.0,芝,短距離,,,右回り,5歳以上,0.0,0.0,0.0,0.0,0.0,0.0,0.0,0.0,0.0,9600.0,0.0,0.0,0.0,0.0,0.0,0.0,0.0,0.0,0.0
2023-05-28,京都,與杼特別･2勝,自己条件,10,ニャンチンノン,ヴィクトワールピサ,4,角田大和,1900,良,,28.5,42.0,0.0,ダート,中距離,,,右回り,4歳,0.0,0.0,0.0,0.0,0.0,0.0,0.0,0.0,0.0,600.0,0.0,0.0,0.0,0.0,0.0,0.0,0.0,0.0,0.0
2023-05-28,京都,未勝利,未勝利,13,ナムラダニー,ヴィクトワールピサ,3,長岡禎仁,1600,良,,52.0,84.3,0.0,芝,短距離,,,右回り,3歳,0.0,0.0,0.0,0.0,0.0,0.0,0.0,0.0,0.0,300.0,0.0,0.0,0.0,0.0,0.0,0.0,0.0,0.0,0.0
2023-05-28,京都,未勝利・牝,未勝利,12,ヤマニンアルテシマ,ヴィクトワールピサ,3,藤懸貴志,1400,良,,37.4,81.9,0.0,ダート,短距離,,,右回り,3歳,0.0,0.0,0.0,0.0,0.0,0.0,0.0,0.0,0.0,500.0,0.0,0.0,0.0,0.0,0.0,0.0,0.0,0.0,0.0
2023-05-21,東京,是政特別･2勝,自己条件,1,ヤマニンバンタジオ,ヴィクトワールピサ,9,永野猛蔵,2100,稍,,8.0,12.8,0.0,ダート,中距離,ダ道悪,,左回り,5歳以上,0.0,0.0,0.0,0.0,0.0,0.0,0.0,0.0,0.0,2200.0,0.0,0.0,0.0,0.0,0.0,0.0,0.0,0.0,0.0
2023-05-21,東京,１勝ｸﾗｽ*,自己条件,11,アイルシャイン,ヴィクトワールピサ,3,横山典弘,1600,良,,2.4,4.1,0.0,芝,短距離,,,左回り,3歳,0.0,0.0,0.0,0.0,0.0,0.0,0.0,0.0,0.0,7200.0,0.0,0.0,0.0,0.0,0.0,0.0,0.0,0.0,0.0
2023-05-21,京都,未勝利・牝,未勝利,10,ワカタツフェイス,ヴィクトワールピサ,3,西村淳也,1600,良,,2.5,3.7,270.0,芝,短距離,,,右回り,3歳,270.0,270.0,270.0,270.0,270.0,270.0,270.0,270.0,270.0,6900.0,18630.0,18630.0,18630.0,18630.0,18630.0,18630.0,18630.0,18630.0,18630.0
2023-05-21,京都,未勝利・牝,未勝利,15,アネラアーニャ,ヴィクトワールピサ,3,岩田康誠,1200,稍,,14.2,63.8,0.0,ダート,短距離,ダ道悪,,右回り,3歳,0.0,0.0,0.0,0.0,0.0,0.0,0.0,0.0,0.0,1200.0,0.0,0.0,0.0,0.0,0.0,0.0,0.0,0.0,0.0
2023-05-20,新潟,二王子特･1勝,自己条件,11,プリティユニバンス,ヴィクトワールピサ,6,横山琉人,2000,良,,3.7,5.2,480.0,芝,中距離,,,左回り,5歳以上,480.0,480.0,480.0,480.0,480.0,480.0,480.0,480.0,480.0,4700.0,22560.0,22560.0,22560.0,22560.0,22560.0,22560.0,22560.0,22560.0,22560.0
2023-05-20,新潟,二王子特･1勝,自己条件,8,ノートルプロメス,ヴィクトワールピサ,4,富田暁,2000,良,,1.9,2.6,0.0,芝,中距離,,,左回り,4歳,0.0,0.0,0.0,0.0,0.0,0.0,0.0,0.0,0.0,9100.0,0.0,0.0,0.0,0.0,0.0,0.0,0.0,0.0,0.0
2023-05-20,新潟,障害未勝利,未勝利,12,ナリノモンターニュ,ヴィクトワールピサ,6,金子光希,2890,良,,1.3,1.9,130.0,障害,長距離,,,左回り,5歳以上,122.2,122.2,122.2,122.85,122.85,122.85,123.5,123.5,123.5,13400.0,16374.8,16374.8,16374.8,16461.9,16461.9,16461.9,16549.0,16549.0,16549.0
2023-05-20,東京,未勝利,未勝利,18,オメガキャプテン,ヴィクトワールピサ,3,戸崎圭太,1400,稍,,1.3,2.9,110.0,芝,短距離,芝道悪,,左回り,3歳,103.4,103.4,103.4,103.95,103.95,103.95,104.5,104.5,104.5,13400.0,13855.6,13855.6,13855.6,13929.3,13929.3,13929.3,14003.0,14003.0,14003.0
2023-05-14,新潟,障害未勝利,未勝利,5,ヒルノダカール,ヴィクトワールピサ,7,小坂忠士,2890,良,,1.6,2.4,0.0,障害,長距離,,,左回り,5歳以上,0.0,0.0,0.0,0.0,0.0,0.0,0.0,0.0,0.0,10900.0,0.0,0.0,0.0,0.0,0.0,0.0,0.0,0.0,0.0
2023-05-14,新潟,未勝利,未勝利,8,フライウィズミー,ヴィクトワールピサ,3,横山琉人,1800,良,,1.3,1.7,130.0,芝,中距離,,,左回り,3歳,122.2,122.2,122.2,122.85,122.85,122.85,123.5,123.5,123.5,13400.0,16374.8,16374.8,16374.8,16461.9,16461.9,16461.9,16549.0,16549.0,16549.0
2023-05-14,東京,２勝ｸﾗｽ,自己条件,3,ネバーゴーンアウト,ヴィクトワールピサ,6,木幡巧也,1600,良,,20.0,56.1,0.0,芝,短距離,,,左回り,5歳以上,0.0,0.0,0.0,0.0,0.0,0.0,0.0,0.0,0.0,900.0,0.0,0.0,0.0,0.0,0.0,0.0,0.0,0.0,0.0
2023-05-14,東京,未勝利,未勝利,16,ハットグットゲット,ヴィクトワールピサ,3,永野猛蔵,1600,稍,,7.2,11.4,0.0,ダート,短距離,ダ道悪,,左回り,3歳,0.0,0.0,0.0,0.0,0.0,0.0,0.0,0.0,0.0,2400.0,0.0,0.0,0.0,0.0,0.0,0.0,0.0,0.0,0.0
2023-05-14,東京,未勝利,未勝利,9,ケイツードラム,ヴィクトワールピサ,3,秋山稔樹,1400,稍,,1.1,1.4,0.0,ダート,短距離,ダ道悪,,左回り,3歳,0.0,0.0,0.0,0.0,0.0,0.0,0.0,0.0,0.0,15800.0,0.0,0.0,0.0,0.0,0.0,0.0,0.0,0.0,0.0
2023-05-13,新潟,はやぶさ･1勝,自己条件,14,ミネヒメ,ヴィクトワールピサ,3,嶋田純次,1000,良,,3.3,5.4,340.0,芝,短距離,,,左回り,3歳,340.0,340.0,340.0,340.0,340.0,340.0,340.0,340.0,340.0,5300.0,18020.0,18020.0,18020.0,18020.0,18020.0,18020.0,18020.0,18020.0,18020.0
2023-05-13,新潟,未勝利,未勝利,10,パルティクラール,ヴィクトワールピサ,3,西塚洸二,1400,良,,1.6,2.1,160.0,芝,短距離,,,左回り,3歳,150.4,150.4,150.4,151.2,151.2,151.2,152.0,152.0,152.0,10900.0,16393.6,16393.6,16393.6,16480.8,16480.8,16480.8,16568.0,16568.0,16568.0
2023-05-13,東京,京王杯スG2,重賞,13,レイモンドバローズ,ヴィクトワールピサ,5,横山武史,1400,良,,11.7,16.5,0.0,芝,短距離,,,左回り,5歳以上,0.0,0.0,0.0,0.0,0.0,0.0,0.0,0.0,0.0,1500.0,0.0,0.0,0.0,0.0,0.0,0.0,0.0,0.0,0.0
2023-05-13,東京,未勝利,未勝利,7,アンナジーク,ヴィクトワールピサ,3,横山武史,1600,良,,1.9,4.5,0.0,芝,短距離,,,左回り,3歳,0.0,0.0,0.0,0.0,0.0,0.0,0.0,0.0,0.0,9100.0,0.0,0.0,0.0,0.0,0.0,0.0,0.0,0.0,0.0
2023-05-13,京都,都大路Ｓ(L),OP,7,エンデュミオン,ヴィクトワールピサ,6,秋山真一,1800,良,,4.9,7.9,0.0,芝,中距離,,,右回り,5歳以上,0.0,0.0,0.0,0.0,0.0,0.0,0.0,0.0,0.0,3500.0,0.0,0.0,0.0,0.0,0.0,0.0,0.0,0.0,0.0
2023-05-13,京都,未勝利,未勝利,7,ニホンピロソラーナ,ヴィクトワールピサ,3,田口貫太,1600,良,,20.5,43.4,0.0,芝,短距離,,,右回り,3歳,0.0,0.0,0.0,0.0,0.0,0.0,0.0,0.0,0.0,800.0,0.0,0.0,0.0,0.0,0.0,0.0,0.0,0.0,0.0
2023-05-07,新潟,新潟大賞ＨG3,重賞,9,ロングラン,ヴィクトワールピサ,5,勝浦正樹,2000,不,,5.6,7.5,0.0,芝,中距離,芝道悪,,左回り,5歳以上,0.0,0.0,0.0,0.0,0.0,0.0,0.0,0.0,0.0,3100.0,0.0,0.0,0.0,0.0,0.0,0.0,0.0,0.0,0.0
2023-05-06,東京,２勝ｸﾗｽ,自己条件,2,ネバーゴーンアウト,ヴィクトワールピサ,6,木幡巧也,1400,良,,24.4,38.8,0.0,芝,短距離,,,左回り,5歳以上,0.0,0.0,0.0,0.0,0.0,0.0,0.0,0.0,0.0,700.0,0.0,0.0,0.0,0.0,0.0,0.0,0.0,0.0,0.0
2023-05-06,東京,プリンシ(L),OP,3,パクスオトマニカ,ヴィクトワールピサ,3,田辺裕信,2000,良,,1.5,2.1,150.0,芝,中距離,,,左回り,3歳,141.0,141.0,141.0,141.75,141.75,141.75,142.5,142.5,142.5,11600.0,16356.0,16356.0,16356.0,16443.0,16443.0,16443.0,16530.0,16530.0,16530.0
2023-05-06,東京,未勝利,未勝利,10,ニシノカナン,ヴィクトワールピサ,3,大野拓弥,1600,良,,7.7,12.6,0.0,芝,短距離,,,左回り,3歳,0.0,0.0,0.0,0.0,0.0,0.0,0.0,0.0,0.0,2300.0,0.0,0.0,0.0,0.0,0.0,0.0,0.0,0.0,0.0
2023-05-06,東京,未勝利,未勝利,8,シバノナスタチウム,ヴィクトワールピサ,3,菅原隆一,1600,良,,173.7,290.2,0.0,芝,短距離,,,左回り,3歳,0.0,0.0,0.0,0.0,0.0,0.0,0.0,0.0,0.0,100.0,0.0,0.0,0.0,0.0,0.0,0.0,0.0,0.0,0.0
2023-05-06,京都,１勝ｸﾗｽ*,自己条件,3,アイルシャイン,ヴィクトワールピサ,3,横山典弘,1600,良,,1.5,5.7,150.0,芝,短距離,,,右回り,3歳,141.0,141.0,141.0,141.75,141.75,141.75,142.5,142.5,142.5,11600.0,16356.0,16356.0,16356.0,16443.0,16443.0,16443.0,16530.0,16530.0,16530.0
2023-04-30,新潟,谷川岳Ｓ(L),OP,9,エンデュミオン,ヴィクトワールピサ,6,秋山真一,1600,重,,6.6,9.9,0.0,芝,短距離,芝道悪,,左回り,5歳以上,0.0,0.0,0.0,0.0,0.0,0.0,0.0,0.0,0.0,2600.0,0.0,0.0,0.0,0.0,0.0,0.0,0.0,0.0,0.0
2023-04-30,新潟,未勝利,未勝利,11,シゲルヴィンセント,ヴィクトワールピサ,3,武藤雅,1800,重,,47.2,90.3,0.0,ダート,中距離,ダ道悪,,左回り,3歳,0.0,0.0,0.0,0.0,0.0,0.0,0.0,0.0,0.0,400.0,0.0,0.0,0.0,0.0,0.0,0.0,0.0,0.0,0.0
2023-04-30,東京,未勝利,未勝利,1,オメガキャプテン,ヴィクトワールピサ,3,野中悠太,1400,良,,4.7,8.3,480.0,芝,短距離,,,左回り,3歳,480.0,480.0,480.0,480.0,480.0,480.0,480.0,480.0,480.0,3700.0,17760.0,17760.0,17760.0,17760.0,17760.0,17760.0,17760.0,17760.0,17760.0
2023-04-29,新潟,障害未勝利,未勝利,2,ヒルノダカール,ヴィクトワールピサ,7,小坂忠士,2890,良,,1.5,1.9,160.0,障害,長距離,,,左回り,5歳以上,150.4,150.4,150.4,151.2,151.2,151.2,152.0,152.0,152.0,11600.0,17446.4,17446.4,17446.4,17539.2,17539.2,17539.2,17632.0,17632.0,17632.0
2023-04-29,京都,朱雀Ｓ･3勝,自己条件,15,メイショウドウドウ,ヴィクトワールピサ,8,武豊,1200,良,,3.0,4.8,0.0,芝,短距離,,,右回り,5歳以上,0.0,0.0,0.0,0.0,0.0,0.0,0.0,0.0,0.0,5800.0,0.0,0.0,0.0,0.0,0.0,0.0,0.0,0.0,0.0
2023-04-29,京都,矢車賞･1勝*,自己条件,4,メイショウポペット,ヴィクトワールピサ,3,角田大河,2200,良,,2.6,4.0,0.0,芝,中距離,,,右回り,3歳,0.0,0.0,0.0,0.0,0.0,0.0,0.0,0.0,0.0,6700.0,0.0,0.0,0.0,0.0,0.0,0.0,0.0,0.0,0.0
2023-04-29,京都,１勝ｸﾗｽ,自己条件,3,ノートルプロメス,ヴィクトワールピサ,4,横山和生,2200,良,,2.6,5.9,0.0,芝,中距離,,,右回り,4歳,0.0,0.0,0.0,0.0,0.0,0.0,0.0,0.0,0.0,6700.0,0.0,0.0,0.0,0.0,0.0,0.0,0.0,0.0,0.0
2023-04-23,福島,未勝利,未勝利,14,アイヲツグモノ,ヴィクトワールピサ,3,古川奈穂,1200,良,,1.6,2.2,170.0,芝,短距離,,,右回り,3歳,159.8,159.8,159.8,160.65,160.65,160.65,161.5,161.5,161.5,10900.0,17418.2,17418.2,17418.2,17510.85,17510.85,17510.85,17603.5,17603.5,17603.5
2023-04-23,福島,未勝利,未勝利,11,ニシノカナン,ヴィクトワールピサ,3,角田大和,1200,良,,2.5,3.8,0.0,芝,短距離,,,右回り,3歳,0.0,0.0,0.0,0.0,0.0,0.0,0.0,0.0,0.0,6900.0,0.0,0.0,0.0,0.0,0.0,0.0,0.0,0.0,0.0
2023-04-23,福島,未勝利・若,未勝利,14,ミヤビエポレット,ヴィクトワールピサ,3,木幡育也,1700,良,,40.2,79.1,0.0,ダート,中距離,,,右回り,3歳,0.0,0.0,0.0,0.0,0.0,0.0,0.0,0.0,0.0,400.0,0.0,0.0,0.0,0.0,0.0,0.0,0.0,0.0,0.0
2023-04-23,福島,未勝利・牝,未勝利,8,パルティクラール,ヴィクトワールピサ,3,松岡正海,1800,良,,2.1,3.4,0.0,芝,中距離,,,右回り,3歳,0.0,0.0,0.0,0.0,0.0,0.0,0.0,0.0,0.0,8300.0,0.0,0.0,0.0,0.0,0.0,0.0,0.0,0.0,0.0
2023-04-23,東京,未勝利,未勝利,7,デルマスソバライ,ヴィクトワールピサ,3,鮫島良太,1800,良,,9.8,43.5,0.0,芝,中距離,,,左回り,3歳,0.0,0.0,0.0,0.0,0.0,0.0,0.0,0.0,0.0,1800.0,0.0,0.0,0.0,0.0,0.0,0.0,0.0,0.0,0.0
2023-04-23,東京,未勝利・牝,未勝利,5,フェスティヴラジャ,ヴィクトワールピサ,3,戸崎圭太,1400,良,,1.1,1.1,110.0,ダート,短距離,,,左回り,3歳,103.4,103.4,103.4,103.95,103.95,103.95,104.5,104.5,104.5,15800.0,16337.2,16337.2,16337.2,16424.1,16424.1,16424.1,16511.0,16511.0,16511.0
2023-04-23,京都,未勝利,未勝利,5,ワカタツフェイス,ヴィクトワールピサ,3,西村淳也,1600,良,,1.3,1.7,0.0,芝,短距離,,,右回り,3歳,0.0,0.0,0.0,0.0,0.0,0.0,0.0,0.0,0.0,13400.0,0.0,0.0,0.0,0.0,0.0,0.0,0.0,0.0,0.0
2023-04-23,京都,未勝利・牝,未勝利,4,ニホンピロソラーナ,ヴィクトワールピサ,3,吉田隼人,1800,良,,11.1,20.3,0.0,芝,中距離,,,右回り,3歳,0.0,0.0,0.0,0.0,0.0,0.0,0.0,0.0,0.0,1600.0,0.0,0.0,0.0,0.0,0.0,0.0,0.0,0.0,0.0
2023-04-22,福島,１勝ｸﾗｽ・牝,自己条件,3,プリティユニバンス,ヴィクトワールピサ,6,亀田温心,1800,良,,4.1,5.8,0.0,芝,中距離,,,右回り,5歳以上,0.0,0.0,0.0,0.0,0.0,0.0,0.0,0.0,0.0,4200.0,0.0,0.0,0.0,0.0,0.0,0.0,0.0,0.0,0.0
2023-04-22,福島,障害未勝利,未勝利,10,ポールトゥウィン,ヴィクトワールピサ,6,小牧加矢,2770,良,,1.1,1.9,110.0,障害,長距離,,,右回り,5歳以上,103.4,103.4,103.4,103.95,103.95,103.95,104.5,104.5,104.5,15800.0,16337.2,16337.2,16337.2,16424.1,16424.1,16424.1,16511.0,16511.0,16511.0
2023-04-22,東京,未勝利・牝,未勝利,4,アンナジーク,ヴィクトワールピサ,3,大野拓弥,2000,良,,1.9,3.2,0.0,芝,中距離,,,左回り,3歳,0.0,0.0,0.0,0.0,0.0,0.0,0.0,0.0,0.0,9100.0,0.0,0.0,0.0,0.0,0.0,0.0,0.0,0.0,0.0
2023-04-22,京都,１勝ｸﾗｽ,自己条件,11,クリノビビ,ヴィクトワールピサ,4,和田翼,1800,良,,47.6,238.2,0.0,芝,中距離,,,右回り,4歳,0.0,0.0,0.0,0.0,0.0,0.0,0.0,0.0,0.0,400.0,0.0,0.0,0.0,0.0,0.0,0.0,0.0,0.0,0.0
2023-04-22,京都,未勝利,未勝利,11,ヴァルダリス,ヴィクトワールピサ,3,藤岡康太,1200,良,,1.6,5.1,0.0,芝,短距離,,,右回り,3歳,0.0,0.0,0.0,0.0,0.0,0.0,0.0,0.0,0.0,10900.0,0.0,0.0,0.0,0.0,0.0,0.0,0.0,0.0,0.0
2023-04-16,福島,福島民Ｈ(L),OP,9,ロングラン,ヴィクトワールピサ,5,丹内祐次,2000,稍,,1.5,2.0,0.0,芝,中距離,芝道悪,,右回り,5歳以上,0.0,0.0,0.0,0.0,0.0,0.0,0.0,0.0,0.0,11600.0,0.0,0.0,0.0,0.0,0.0,0.0,0.0,0.0,0.0
2023-04-16,福島,未勝利・牝,未勝利,8,スイーツバイキング,ヴィクトワールピサ,3,永島まな,1700,稍,,2.1,3.5,0.0,ダート,中距離,ダ道悪,,右回り,3歳,0.0,0.0,0.0,0.0,0.0,0.0,0.0,0.0,0.0,8300.0,0.0,0.0,0.0,0.0,0.0,0.0,0.0,0.0,0.0
2023-04-16,中山,未勝利,未勝利,3,オネストリー,ヴィクトワールピサ,3,松山弘平,1800,不,,4.6,14.3,0.0,ダート,中距離,ダ道悪,,右回り,3歳,0.0,0.0,0.0,0.0,0.0,0.0,0.0,0.0,0.0,3800.0,0.0,0.0,0.0,0.0,0.0,0.0,0.0,0.0,0.0
2023-04-16,阪神,１勝ｸﾗｽ・牝*,自己条件,15,メイショウポペット,ヴィクトワールピサ,3,小沢大仁,1800,不,,1.6,2.4,0.0,ダート,中距離,ダ道悪,,右回り,3歳,0.0,0.0,0.0,0.0,0.0,0.0,0.0,0.0,0.0,10900.0,0.0,0.0,0.0,0.0,0.0,0.0,0.0,0.0,0.0
2023-04-16,阪神,未勝利,未勝利,6,ヒノタマボーイ,ヴィクトワールピサ,3,池添謙一,2200,稍,,6.9,10.7,0.0,芝,中距離,芝道悪,,右回り,3歳,0.0,0.0,0.0,0.0,0.0,0.0,0.0,0.0,0.0,2500.0,0.0,0.0,0.0,0.0,0.0,0.0,0.0,0.0,0.0
2023-04-16,阪神,未勝利,未勝利,16,アグネスクウ,ヴィクトワールピサ,3,古川吉洋,1400,不,,57.2,119.2,0.0,ダート,短距離,ダ道悪,,右回り,3歳,0.0,0.0,0.0,0.0,0.0,0.0,0.0,0.0,0.0,300.0,0.0,0.0,0.0,0.0,0.0,0.0,0.0,0.0,0.0
2023-04-15,福島,桑折特別･1勝,自己条件,13,マロリン,ヴィクトワールピサ,7,小林美駒,2000,稍,,55.4,82.9,0.0,芝,中距離,芝道悪,,右回り,5歳以上,0.0,0.0,0.0,0.0,0.0,0.0,0.0,0.0,0.0,300.0,0.0,0.0,0.0,0.0,0.0,0.0,0.0,0.0,0.0
2023-04-15,福島,雪うさぎ･1勝,自己条件,16,ミネヒメ,ヴィクトワールピサ,3,嶋田純次,1200,稍,,8.4,11.4,0.0,芝,短距離,芝道悪,,右回り,3歳,0.0,0.0,0.0,0.0,0.0,0.0,0.0,0.0,0.0,2100.0,0.0,0.0,0.0,0.0,0.0,0.0,0.0,0.0,0.0
2023-04-15,福島,未勝利,未勝利,7,アイヲツグモノ,ヴィクトワールピサ,3,古川奈穂,1200,良,,7.1,11.7,0.0,芝,短距離,,,右回り,3歳,0.0,0.0,0.0,0.0,0.0,0.0,0.0,0.0,0.0,2400.0,0.0,0.0,0.0,0.0,0.0,0.0,0.0,0.0,0.0
2023-04-15,阪神,アーリンG3,重賞,14,アイルシャイン,ヴィクトワールピサ,3,横山典弘,1600,重,,10.3,14.2,0.0,芝,短距離,芝道悪,,右回り,3歳,0.0,0.0,0.0,0.0,0.0,0.0,0.0,0.0,0.0,1700.0,0.0,0.0,0.0,0.0,0.0,0.0,0.0,0.0,0.0
2023-04-15,阪神,千種川特･2勝,自己条件,2,メイショウドウドウ,ヴィクトワールピサ,8,武豊,1400,重,,2.1,3.1,220.0,芝,短距離,芝道悪,,右回り,5歳以上,220.0,220.0,220.0,220.0,220.0,220.0,220.0,220.0,220.0,8300.0,18260.0,18260.0,18260.0,18260.0,18260.0,18260.0,18260.0,18260.0,18260.0
2023-04-09,福島,障害未勝利,未勝利,6,ナリノモンターニュ,ヴィクトワールピサ,6,金子光希,2750,稍,,1.9,3.9,320.0,障害,長距離,,,右回り,5歳以上,320.0,320.0,320.0,320.0,320.0,320.0,320.0,320.0,320.0,9100.0,29120.0,29120.0,29120.0,29120.0,29120.0,29120.0,29120.0,29120.0,29120.0
2023-04-08,福島,１勝ｸﾗｽ,自己条件,12,マロリン,ヴィクトワールピサ,7,小林美駒,1200,良,,29.5,42.4,0.0,芝,短距離,,,右回り,5歳以上,0.0,0.0,0.0,0.0,0.0,0.0,0.0,0.0,0.0,600.0,0.0,0.0,0.0,0.0,0.0,0.0,0.0,0.0,0.0
2023-04-08,福島,未勝利・若,未勝利,5,ミュークレア,ヴィクトワールピサ,3,小林脩斗,1700,良,,26.1,84.0,0.0,ダート,中距離,,,右回り,3歳,0.0,0.0,0.0,0.0,0.0,0.0,0.0,0.0,0.0,700.0,0.0,0.0,0.0,0.0,0.0,0.0,0.0,0.0,0.0
2023-04-08,中山,未勝利,未勝利,6,ハットグットゲット,ヴィクトワールピサ,3,菅原明良,1800,稍,,2.0,14.5,0.0,ダート,中距離,ダ道悪,,右回り,3歳,0.0,0.0,0.0,0.0,0.0,0.0,0.0,0.0,0.0,8700.0,0.0,0.0,0.0,0.0,0.0,0.0,0.0,0.0,0.0
2023-04-08,阪神,１勝ｸﾗｽ・牝,自己条件,3,クリノビビ,ヴィクトワールピサ,4,和田翼,1800,不,,31.7,89.8,0.0,ダート,中距離,ダ道悪,,右回り,4歳,0.0,0.0,0.0,0.0,0.0,0.0,0.0,0.0,0.0,500.0,0.0,0.0,0.0,0.0,0.0,0.0,0.0,0.0,0.0
2023-04-02,中山,２勝ｸﾗｽ,自己条件,2,グアドループ,ヴィクトワールピサ,5,大野拓弥,1200,良,,10.8,17.3,0.0,ダート,短距離,,,右回り,5歳以上,0.0,0.0,0.0,0.0,0.0,0.0,0.0,0.0,0.0,1600.0,0.0,0.0,0.0,0.0,0.0,0.0,0.0,0.0,0.0
2023-04-02,中山,未勝利,未勝利,8,フェスティヴラジャ,ヴィクトワールピサ,3,菊沢一樹,1200,良,,1.1,1.1,110.0,ダート,短距離,,,右回り,3歳,103.4,103.4,103.4,103.95,103.95,103.95,104.5,104.5,104.5,15800.0,16337.2,16337.2,16337.2,16424.1,16424.1,16424.1,16511.0,16511.0,16511.0
2023-04-02,阪神,未勝利,未勝利,8,オネストリー,ヴィクトワールピサ,3,角田大河,1800,良,,4.5,6.9,0.0,ダート,中距離,,,右回り,3歳,0.0,0.0,0.0,0.0,0.0,0.0,0.0,0.0,0.0,3900.0,0.0,0.0,0.0,0.0,0.0,0.0,0.0,0.0,0.0
2023-04-01,中山,未勝利,未勝利,6,イデアテッシン,ヴィクトワールピサ,3,内田博幸,2000,良,,37.0,159.8,0.0,芝,中距離,,,右回り,3歳,0.0,0.0,0.0,0.0,0.0,0.0,0.0,0.0,0.0,500.0,0.0,0.0,0.0,0.0,0.0,0.0,0.0,0.0,0.0
2023-03-26,中山,障害未勝利,未勝利,7,ポールトゥウィン,ヴィクトワールピサ,6,小牧加矢,2880,不,,3.2,4.8,400.0,障害,長距離,,,右回り,5歳以上,400.0,400.0,400.0,400.0,400.0,400.0,400.0,400.0,400.0,5400.0,21600.0,21600.0,21600.0,21600.0,21600.0,21600.0,21600.0,21600.0,21600.0
2023-03-26,中京,高松宮記G1,重賞,9,ディヴィナシオン,ヴィクトワールピサ,6,松本大輝,1200,不,,31.9,42.8,0.0,芝,短距離,芝道悪,,左回り,5歳以上,0.0,0.0,0.0,0.0,0.0,0.0,0.0,0.0,0.0,500.0,0.0,0.0,0.0,0.0,0.0,0.0,0.0,0.0,0.0
2023-03-26,中京,１勝ｸﾗｽ,自己条件,7,マイネルカグラ,ヴィクトワールピサ,4,丹内祐次,2200,不,,5.5,8.4,0.0,芝,中距離,芝道悪,,左回り,4歳,0.0,0.0,0.0,0.0,0.0,0.0,0.0,0.0,0.0,3200.0,0.0,0.0,0.0,0.0,0.0,0.0,0.0,0.0,0.0
2023-03-26,阪神,未勝利,未勝利,12,アグネスクウ,ヴィクトワールピサ,3,田中学,1800,不,,46.8,99.1,0.0,ダート,中距離,ダ道悪,,右回り,3歳,0.0,0.0,0.0,0.0,0.0,0.0,0.0,0.0,0.0,400.0,0.0,0.0,0.0,0.0,0.0,0.0,0.0,0.0,0.0
2023-03-25,中山,未勝利,未勝利,8,フライウィズミー,ヴィクトワールピサ,3,横山琉人,1600,不,,1.5,2.3,0.0,芝,短距離,芝道悪,,右回り,3歳,0.0,0.0,0.0,0.0,0.0,0.0,0.0,0.0,0.0,11600.0,0.0,0.0,0.0,0.0,0.0,0.0,0.0,0.0,0.0
2023-03-25,中京,未勝利,未勝利,1,ディオース,ヴィクトワールピサ,3,松本大輝,1600,重,,1.4,2.0,0.0,芝,短距離,芝道悪,,左回り,3歳,0.0,0.0,0.0,0.0,0.0,0.0,0.0,0.0,0.0,12400.0,0.0,0.0,0.0,0.0,0.0,0.0,0.0,0.0,0.0
2023-03-25,阪神,丹波特Ｈ･2勝,自己条件,8,トーカイキング,ヴィクトワールピサ,5,石川裕紀,1600,良,,12.6,24.5,0.0,芝,短距離,,,右回り,5歳以上,0.0,0.0,0.0,0.0,0.0,0.0,0.0,0.0,0.0,1400.0,0.0,0.0,0.0,0.0,0.0,0.0,0.0,0.0,0.0
2023-03-25,阪神,未勝利,未勝利,11,オリンポスカズマ,ヴィクトワールピサ,3,和田竜二,1400,重,,3.8,6.0,0.0,ダート,短距離,ダ道悪,,右回り,3歳,0.0,0.0,0.0,0.0,0.0,0.0,0.0,0.0,0.0,4600.0,0.0,0.0,0.0,0.0,0.0,0.0,0.0,0.0,0.0
2023-03-25,阪神,未勝利,未勝利,3,ライトライズライト,ヴィクトワールピサ,3,岩田康誠,2000,重,,4.4,7.3,510.0,ダート,中距離,ダ道悪,,右回り,3歳,510.0,510.0,510.0,510.0,510.0,510.0,510.0,510.0,510.0,3900.0,19890.0,19890.0,19890.0,19890.0,19890.0,19890.0,19890.0,19890.0,19890.0
2023-03-25,阪神,未勝利・牝,未勝利,12,アネラアーニャ,ヴィクトワールピサ,3,岩田康誠,1200,重,,5.5,9.6,0.0,ダート,短距離,ダ道悪,,右回り,3歳,0.0,0.0,0.0,0.0,0.0,0.0,0.0,0.0,0.0,3200.0,0.0,0.0,0.0,0.0,0.0,0.0,0.0,0.0,0.0
2023-03-19,中山,２勝ｸﾗｽ,自己条件,14,ヤマニンバンタジオ,ヴィクトワールピサ,9,勝浦正樹,2400,重,,19.1,27.4,0.0,ダート,長距離,ダ道悪,,右回り,5歳以上,0.0,0.0,0.0,0.0,0.0,0.0,0.0,0.0,0.0,900.0,0.0,0.0,0.0,0.0,0.0,0.0,0.0,0.0,0.0
2023-03-19,中山,スプリンG2,重賞,14,パクスオトマニカ,ヴィクトワールピサ,3,田辺裕信,1800,重,,3.3,4.9,0.0,芝,中距離,芝道悪,,右回り,3歳,0.0,0.0,0.0,0.0,0.0,0.0,0.0,0.0,0.0,5300.0,0.0,0.0,0.0,0.0,0.0,0.0,0.0,0.0,0.0
2023-03-19,中山,スピカＳ･3勝,自己条件,1,トーセンメラニー,ヴィクトワールピサ,5,原優介,1800,重,,4.8,19.0,0.0,芝,中距離,芝道悪,,右回り,5歳以上,0.0,0.0,0.0,0.0,0.0,0.0,0.0,0.0,0.0,3600.0,0.0,0.0,0.0,0.0,0.0,0.0,0.0,0.0,0.0
2023-03-19,中山,１勝ｸﾗｽ*,自己条件,5,ジャーニーメモリー,ヴィクトワールピサ,3,北村宏司,1200,不,,9.4,16.6,0.0,ダート,短距離,ダ道悪,,右回り,3歳,0.0,0.0,0.0,0.0,0.0,0.0,0.0,0.0,0.0,1800.0,0.0,0.0,0.0,0.0,0.0,0.0,0.0,0.0,0.0
2023-03-19,中京,名古屋城,OP,14,エンデュミオン,ヴィクトワールピサ,6,秋山真一,1800,稍,,6.0,10.2,0.0,ダート,中距離,ダ道悪,,左回り,5歳以上,0.0,0.0,0.0,0.0,0.0,0.0,0.0,0.0,0.0,2900.0,0.0,0.0,0.0,0.0,0.0,0.0,0.0,0.0,0.0
2023-03-19,中京,１勝ｸﾗｽ,自己条件,7,プリティユニバンス,ヴィクトワールピサ,6,吉田隼人,2000,稍,,2.5,3.7,0.0,芝,中距離,芝道悪,,左回り,5歳以上,0.0,0.0,0.0,0.0,0.0,0.0,0.0,0.0,0.0,6900.0,0.0,0.0,0.0,0.0,0.0,0.0,0.0,0.0,0.0
2023-03-19,阪神,未勝利,未勝利,16,ヒノタマボーイ,ヴィクトワールピサ,3,国分恭介,1800,稍,,27.5,80.2,0.0,芝,中距離,芝道悪,,右回り,3歳,0.0,0.0,0.0,0.0,0.0,0.0,0.0,0.0,0.0,600.0,0.0,0.0,0.0,0.0,0.0,0.0,0.0,0.0,0.0
2023-03-18,中山,未勝利,未勝利,17,シバノナスタチウム,ヴィクトワールピサ,3,佐藤翔馬,2000,稍,,93.4,172.3,0.0,芝,中距離,芝道悪,,右回り,3歳,0.0,0.0,0.0,0.0,0.0,0.0,0.0,0.0,0.0,200.0,0.0,0.0,0.0,0.0,0.0,0.0,0.0,0.0,0.0
2023-03-12,中山,未勝利,未勝利,13,フェスティヴラジャ,ヴィクトワールピサ,3,菊沢一樹,1200,良,,1.5,2.3,150.0,ダート,短距離,,,右回り,3歳,141.0,141.0,141.0,141.75,141.75,141.75,142.5,142.5,142.5,11600.0,16356.0,16356.0,16356.0,16443.0,16443.0,16443.0,16530.0,16530.0,16530.0
2023-03-12,中京,岡崎特Ｈ･2勝,自己条件,7,トーカイキング,ヴィクトワールピサ,5,西村淳也,1400,良,,2.7,9.7,0.0,芝,短距離,,,左回り,5歳以上,0.0,0.0,0.0,0.0,0.0,0.0,0.0,0.0,0.0,6400.0,0.0,0.0,0.0,0.0,0.0,0.0,0.0,0.0,0.0
2023-03-12,中京,未勝利,未勝利,2,ディオース,ヴィクトワールピサ,3,松本大輝,1600,良,,5.3,7.9,630.0,芝,短距離,,,左回り,3歳,630.0,630.0,630.0,630.0,630.0,630.0,630.0,630.0,630.0,3300.0,20790.0,20790.0,20790.0,20790.0,20790.0,20790.0,20790.0,20790.0,20790.0
2023-03-11,中山,未勝利,未勝利,15,オメガキャプテン,ヴィクトワールピサ,3,菅原明良,1200,良,,1.4,2.1,0.0,ダート,短距離,,,右回り,3歳,0.0,0.0,0.0,0.0,0.0,0.0,0.0,0.0,0.0,12400.0,0.0,0.0,0.0,0.0,0.0,0.0,0.0,0.0,0.0
2023-03-11,中京,１勝ｸﾗｽ,自己条件,4,マイネルカグラ,ヴィクトワールピサ,4,幸英明,2200,良,,4.1,6.8,0.0,芝,中距離,,,左回り,4歳,0.0,0.0,0.0,0.0,0.0,0.0,0.0,0.0,0.0,4200.0,0.0,0.0,0.0,0.0,0.0,0.0,0.0,0.0,0.0
2023-03-11,中京,１勝ｸﾗｽ*,自己条件,1,メイショウポペット,ヴィクトワールピサ,3,小沢大仁,1800,良,,1.5,2.0,160.0,ダート,中距離,,,左回り,3歳,150.4,150.4,150.4,151.2,151.2,151.2,152.0,152.0,152.0,11600.0,17446.4,17446.4,17446.4,17539.2,17539.2,17539.2,17632.0,17632.0,17632.0
2023-03-11,中京,未勝利,未勝利,16,ヴァルダリス,ヴィクトワールピサ,3,吉田隼人,1200,良,,1.4,5.2,0.0,ダート,短距離,,,左回り,3歳,0.0,0.0,0.0,0.0,0.0,0.0,0.0,0.0,0.0,12400.0,0.0,0.0,0.0,0.0,0.0,0.0,0.0,0.0,0.0
2023-03-05,中山,湾岸Ｓ･3勝,自己条件,13,ピュアブレンド,ヴィクトワールピサ,6,柴田大知,2200,良,,24.9,39.7,0.0,芝,中距離,,,右回り,5歳以上,0.0,0.0,0.0,0.0,0.0,0.0,0.0,0.0,0.0,700.0,0.0,0.0,0.0,0.0,0.0,0.0,0.0,0.0,0.0
2023-03-05,中山,未勝利,未勝利,13,ミヤビエポレット,ヴィクトワールピサ,3,吉田豊,1800,良,,35.5,62.3,0.0,ダート,中距離,,,右回り,3歳,0.0,0.0,0.0,0.0,0.0,0.0,0.0,0.0,0.0,500.0,0.0,0.0,0.0,0.0,0.0,0.0,0.0,0.0,0.0
2023-03-05,中山,未勝利,未勝利,9,ジャーニーメモリー,ヴィクトワールピサ,3,北村宏司,1200,良,,1.6,2.6,200.0,ダート,短距離,,,右回り,3歳,200.0,200.0,200.0,200.0,200.0,200.0,200.0,200.0,200.0,10900.0,21800.0,21800.0,21800.0,21800.0,21800.0,21800.0,21800.0,21800.0,21800.0
2023-03-04,中山,オーシャG3,重賞,1,ディヴィナシオン,ヴィクトワールピサ,6,菅原明良,1200,良,,21.8,31.4,2430.0,芝,短距離,,,右回り,5歳以上,4009.5,4131.0,4252.5,4009.5,4131.0,4252.5,4009.5,4131.0,4252.5,800.0,32076.0,33048.0,34020.0,32076.0,33048.0,34020.0,32076.0,33048.0,34020.0
2023-03-04,中山,上総ＳＨ･3勝,自己条件,13,ナリノモンターニュ,ヴィクトワールピサ,6,田辺裕信,1800,良,,17.8,31.1,0.0,ダート,中距離,,,右回り,5歳以上,0.0,0.0,0.0,0.0,0.0,0.0,0.0,0.0,0.0,1000.0,0.0,0.0,0.0,0.0,0.0,0.0,0.0,0.0,0.0
2023-03-04,中山,未勝利,未勝利,12,フライウィズミー,ヴィクトワールピサ,3,横山琉人,1600,良,,1.6,2.6,160.0,芝,短距離,,,右回り,3歳,150.4,150.4,150.4,151.2,151.2,151.2,152.0,152.0,152.0,10900.0,16393.6,16393.6,16393.6,16480.8,16480.8,16480.8,16568.0,16568.0,16568.0
2023-03-04,中山,未勝利,未勝利,12,ケイツードラム,ヴィクトワールピサ,3,江田照男,1200,良,,1.4,2.1,160.0,ダート,短距離,,,右回り,3歳,150.4,150.4,150.4,151.2,151.2,151.2,152.0,152.0,152.0,12400.0,18649.6,18649.6,18649.6,18748.8,18748.8,18748.8,18848.0,18848.0,18848.0
2023-03-04,阪神,未勝利,未勝利,10,ワカタツフェイス,ヴィクトワールピサ,3,西村淳也,1600,良,,2.2,5.4,250.0,芝,短距離,,,右回り,3歳,250.0,250.0,250.0,250.0,250.0,250.0,250.0,250.0,250.0,7900.0,19750.0,19750.0,19750.0,19750.0,19750.0,19750.0,19750.0,19750.0,19750.0
2023-03-04,阪神,未勝利,未勝利,1,ジョーシーゲル,ヴィクトワールピサ,3,川須栄彦,1400,良,,2.4,3.8,0.0,ダート,短距離,,,右回り,3歳,0.0,0.0,0.0,0.0,0.0,0.0,0.0,0.0,0.0,7200.0,0.0,0.0,0.0,0.0,0.0,0.0,0.0,0.0,0.0
2023-03-04,阪神,未勝利,未勝利,9,ナムラダニー,ヴィクトワールピサ,3,長岡禎仁,2000,良,,17.1,32.6,0.0,ダート,中距離,,,右回り,3歳,0.0,0.0,0.0,0.0,0.0,0.0,0.0,0.0,0.0,1000.0,0.0,0.0,0.0,0.0,0.0,0.0,0.0,0.0,0.0
2023-02-26,中山,未勝利,未勝利,6,イデアテッシン,ヴィクトワールピサ,3,内田博幸,1800,良,,29.2,47.9,0.0,ダート,中距離,,,右回り,3歳,0.0,0.0,0.0,0.0,0.0,0.0,0.0,0.0,0.0,600.0,0.0,0.0,0.0,0.0,0.0,0.0,0.0,0.0,0.0
2023-02-26,阪神,未勝利,未勝利,12,ナムラダニー,ヴィクトワールピサ,3,長岡禎仁,1400,稍,,40.5,77.1,0.0,ダート,短距離,ダ道悪,,右回り,3歳,0.0,0.0,0.0,0.0,0.0,0.0,0.0,0.0,0.0,400.0,0.0,0.0,0.0,0.0,0.0,0.0,0.0,0.0,0.0
2023-02-26,小倉,１勝ｸﾗｽ・牝,自己条件,1,プリティユニバンス,ヴィクトワールピサ,6,藤懸貴志,2000,良,,2.1,3.9,0.0,芝,中距離,,,右回り,5歳以上,0.0,0.0,0.0,0.0,0.0,0.0,0.0,0.0,0.0,8300.0,0.0,0.0,0.0,0.0,0.0,0.0,0.0,0.0,0.0
2023-02-26,小倉,未勝利,未勝利,15,ディオース,ヴィクトワールピサ,3,松本大輝,1800,良,,2.9,4.3,0.0,芝,中距離,,,右回り,3歳,0.0,0.0,0.0,0.0,0.0,0.0,0.0,0.0,0.0,6000.0,0.0,0.0,0.0,0.0,0.0,0.0,0.0,0.0,0.0
2023-02-26,小倉,未勝利,未勝利,2,ヒノタマボーイ,ヴィクトワールピサ,3,斎藤新,1800,良,,29.6,47.2,0.0,芝,中距離,,,右回り,3歳,0.0,0.0,0.0,0.0,0.0,0.0,0.0,0.0,0.0,600.0,0.0,0.0,0.0,0.0,0.0,0.0,0.0,0.0,0.0
2023-02-26,小倉,未勝利・牝,未勝利,14,キースケデシュ,ヴィクトワールピサ,3,勝浦正樹,1700,稍,,42.3,75.9,0.0,ダート,中距離,ダ道悪,,右回り,3歳,0.0,0.0,0.0,0.0,0.0,0.0,0.0,0.0,0.0,400.0,0.0,0.0,0.0,0.0,0.0,0.0,0.0,0.0,0.0
2023-02-25,中山,未勝利・牝,未勝利,14,アンナジーク,ヴィクトワールピサ,3,大野拓弥,2000,良,,2.9,4.5,380.0,芝,中距離,,,右回り,3歳,380.0,380.0,380.0,380.0,380.0,380.0,380.0,380.0,380.0,6000.0,22800.0,22800.0,22800.0,22800.0,22800.0,22800.0,22800.0,22800.0,22800.0
2023-02-25,中山,未勝利,未勝利,13,オメガキャプテン,ヴィクトワールピサ,3,菅原明良,1200,良,,2.2,3.5,240.0,ダート,短距離,,,右回り,3歳,240.0,240.0,240.0,240.0,240.0,240.0,240.0,240.0,240.0,7900.0,18960.0,18960.0,18960.0,18960.0,18960.0,18960.0,18960.0,18960.0,18960.0
2023-02-25,小倉,障害未勝利,未勝利,7,ガムラン,ヴィクトワールピサ,5,難波剛健,2860,稍,,8.7,14.6,0.0,障害,長距離,,,右回り,5歳以上,0.0,0.0,0.0,0.0,0.0,0.0,0.0,0.0,0.0,2000.0,0.0,0.0,0.0,0.0,0.0,0.0,0.0,0.0,0.0
2023-02-25,小倉,未勝利,未勝利,3,ニシノカナン,ヴィクトワールピサ,3,野中悠太,1200,稍,,9.4,17.1,0.0,芝,短距離,芝道悪,,右回り,3歳,0.0,0.0,0.0,0.0,0.0,0.0,0.0,0.0,0.0,1800.0,0.0,0.0,0.0,0.0,0.0,0.0,0.0,0.0,0.0
2023-02-19,東京,新馬,新馬,8,ミュークレア,ヴィクトワールピサ,3,江田照男,1600,良,,12.4,25.4,0.0,ダート,短距離,,,左回り,3歳,0.0,0.0,0.0,0.0,0.0,0.0,0.0,0.0,0.0,1400.0,0.0,0.0,0.0,0.0,0.0,0.0,0.0,0.0,0.0
2023-02-19,阪神,２勝ｸﾗｽ,自己条件,5,ヤマニンルリュール,ヴィクトワールピサ,5,鮫島克駿,1600,稍,,2.3,4.3,0.0,芝,短距離,芝道悪,,右回り,5歳以上,0.0,0.0,0.0,0.0,0.0,0.0,0.0,0.0,0.0,7600.0,0.0,0.0,0.0,0.0,0.0,0.0,0.0,0.0,0.0
2023-02-19,小倉,小倉大賞ＨG3,重賞,14,ロングラン,ヴィクトワールピサ,5,丹内祐次,1800,重,,2.2,2.9,0.0,芝,中距離,芝道悪,,右回り,5歳以上,0.0,0.0,0.0,0.0,0.0,0.0,0.0,0.0,0.0,7900.0,0.0,0.0,0.0,0.0,0.0,0.0,0.0,0.0,0.0
2023-02-19,小倉,小倉大賞ＨG3,重賞,10,フォルコメン,ヴィクトワールピサ,7,田辺裕信,1800,重,,4.1,5.6,0.0,芝,中距離,芝道悪,,右回り,5歳以上,0.0,0.0,0.0,0.0,0.0,0.0,0.0,0.0,0.0,4200.0,0.0,0.0,0.0,0.0,0.0,0.0,0.0,0.0,0.0
2023-02-18,阪神,１勝ｸﾗｽ*,自己条件,13,メイショウポペット,ヴィクトワールピサ,3,角田大河,1800,良,,2.0,3.0,0.0,ダート,中距離,,,右回り,3歳,0.0,0.0,0.0,0.0,0.0,0.0,0.0,0.0,0.0,8700.0,0.0,0.0,0.0,0.0,0.0,0.0,0.0,0.0,0.0
2023-02-18,小倉,紫川特別･2勝,自己条件,4,ヴィクトワールメイ,ヴィクトワールピサ,7,黛弘人,1200,稍,,64.0,87.0,0.0,芝,短距離,芝道悪,,右回り,5歳以上,0.0,0.0,0.0,0.0,0.0,0.0,0.0,0.0,0.0,300.0,0.0,0.0,0.0,0.0,0.0,0.0,0.0,0.0,0.0
2023-02-12,東京,バレンタ,OP,8,レイモンドバローズ,ヴィクトワールピサ,5,津村明秀,1400,重,,6.6,11.9,0.0,ダート,短距離,ダ道悪,,左回り,5歳以上,0.0,0.0,0.0,0.0,0.0,0.0,0.0,0.0,0.0,2600.0,0.0,0.0,0.0,0.0,0.0,0.0,0.0,0.0,0.0
2023-02-12,東京,未勝利,未勝利,9,ジャーニーメモリー,ヴィクトワールピサ,3,北村宏司,1400,重,,2.4,12.8,0.0,ダート,短距離,ダ道悪,,左回り,3歳,0.0,0.0,0.0,0.0,0.0,0.0,0.0,0.0,0.0,7200.0,0.0,0.0,0.0,0.0,0.0,0.0,0.0,0.0,0.0
2023-02-12,阪神,新馬,新馬,5,オネストリー,ヴィクトワールピサ,3,横山武史,1800,良,,3.3,5.9,0.0,ダート,中距離,,,右回り,3歳,0.0,0.0,0.0,0.0,0.0,0.0,0.0,0.0,0.0,5300.0,0.0,0.0,0.0,0.0,0.0,0.0,0.0,0.0,0.0
2023-02-12,阪神,新馬,新馬,2,グランドグラン,ヴィクトワールピサ,3,和田竜二,1800,良,,6.9,13.1,0.0,ダート,中距離,,,右回り,3歳,0.0,0.0,0.0,0.0,0.0,0.0,0.0,0.0,0.0,2500.0,0.0,0.0,0.0,0.0,0.0,0.0,0.0,0.0,0.0
2023-02-12,阪神,未勝利,未勝利,2,ハットグットゲット,ヴィクトワールピサ,3,岩田康誠,1800,良,,6.1,16.1,0.0,ダート,中距離,,,右回り,3歳,0.0,0.0,0.0,0.0,0.0,0.0,0.0,0.0,0.0,2800.0,0.0,0.0,0.0,0.0,0.0,0.0,0.0,0.0,0.0
2023-02-11,東京,新馬,新馬,11,ケイツードラム,ヴィクトワールピサ,3,江田照男,1400,不,,11.9,17.8,1440.0,ダート,短距離,ダ道悪,,左回り,3歳,1440.0,1440.0,1440.0,1440.0,1440.0,1440.0,1440.0,1440.0,1440.0,1500.0,21600.0,21600.0,21600.0,21600.0,21600.0,21600.0,21600.0,21600.0,21600.0
2023-02-11,小倉,唐戸特別･1勝,自己条件,5,マイネルカグラ,ヴィクトワールピサ,4,国分優作,2000,重,,13.9,22.3,0.0,芝,中距離,芝道悪,,右回り,4歳,0.0,0.0,0.0,0.0,0.0,0.0,0.0,0.0,0.0,1200.0,0.0,0.0,0.0,0.0,0.0,0.0,0.0,0.0,0.0
2023-02-11,小倉,未勝利・若,未勝利,11,ワカタツフェイス,ヴィクトワールピサ,3,西村淳也,1800,重,,1.3,2.5,150.0,芝,中距離,芝道悪,,右回り,3歳,141.0,141.0,141.0,141.75,141.75,141.75,142.5,142.5,142.5,13400.0,18894.0,18894.0,18894.0,18994.5,18994.5,18994.5,19095.0,19095.0,19095.0
2023-02-11,小倉,未勝利,未勝利,6,キースケデシュ,ヴィクトワールピサ,3,勝浦正樹,1200,重,,15.9,25.2,0.0,芝,短距離,芝道悪,,右回り,3歳,0.0,0.0,0.0,0.0,0.0,0.0,0.0,0.0,0.0,1100.0,0.0,0.0,0.0,0.0,0.0,0.0,0.0,0.0,0.0
2023-02-05,東京,未勝利,未勝利,10,タイラント,ヴィクトワールピサ,3,柴田大知,1600,良,,80.0,235.8,0.0,芝,短距離,,,左回り,3歳,0.0,0.0,0.0,0.0,0.0,0.0,0.0,0.0,0.0,200.0,0.0,0.0,0.0,0.0,0.0,0.0,0.0,0.0,0.0
2023-02-04,東京,テレビＨ･2勝,自己条件,11,ヤマニンルリュール,ヴィクトワールピサ,5,三浦皇成,1400,良,,3.0,5.3,0.0,芝,短距離,,,左回り,5歳以上,0.0,0.0,0.0,0.0,0.0,0.0,0.0,0.0,0.0,5800.0,0.0,0.0,0.0,0.0,0.0,0.0,0.0,0.0,0.0
2023-02-04,東京,新馬,新馬,12,ミヤビエポレット,ヴィクトワールピサ,3,木幡育也,1800,良,,34.1,57.4,0.0,芝,中距離,,,左回り,3歳,0.0,0.0,0.0,0.0,0.0,0.0,0.0,0.0,0.0,500.0,0.0,0.0,0.0,0.0,0.0,0.0,0.0,0.0,0.0
2023-02-04,中京,未勝利,未勝利,7,ヴィヴマン,ヴィクトワールピサ,3,和田竜二,1900,良,,18.4,31.8,0.0,ダート,中距離,,,左回り,3歳,0.0,0.0,0.0,0.0,0.0,0.0,0.0,0.0,0.0,900.0,0.0,0.0,0.0,0.0,0.0,0.0,0.0,0.0,0.0
2023-02-04,小倉,別府特別･2勝,自己条件,12,ポールトゥウィン,ヴィクトワールピサ,6,幸英明,1800,良,,21.5,33.2,0.0,芝,中距離,,,右回り,5歳以上,0.0,0.0,0.0,0.0,0.0,0.0,0.0,0.0,0.0,800.0,0.0,0.0,0.0,0.0,0.0,0.0,0.0,0.0,0.0
2023-02-04,小倉,障害未勝利,未勝利,4,ヴァンクールシルク,ヴィクトワールピサ,9,伴啓太,2860,良,,2.7,7.2,290.0,障害,長距離,,,右回り,5歳以上,290.0,290.0,290.0,290.0,290.0,290.0,290.0,290.0,290.0,6400.0,18560.0,18560.0,18560.0,18560.0,18560.0,18560.0,18560.0,18560.0,18560.0
2023-02-04,小倉,未勝利,未勝利,1,スイーツバイキング,ヴィクトワールピサ,3,今村聖奈,1800,良,,1.4,2.7,0.0,芝,中距離,,,右回り,3歳,0.0,0.0,0.0,0.0,0.0,0.0,0.0,0.0,0.0,12400.0,0.0,0.0,0.0,0.0,0.0,0.0,0.0,0.0,0.0
2023-02-04,小倉,未勝利,未勝利,10,ヒノタマボーイ,ヴィクトワールピサ,3,藤岡康太,1800,良,,7.9,18.8,0.0,芝,中距離,,,右回り,3歳,0.0,0.0,0.0,0.0,0.0,0.0,0.0,0.0,0.0,2200.0,0.0,0.0,0.0,0.0,0.0,0.0,0.0,0.0,0.0
2023-02-04,小倉,未勝利,未勝利,13,ニシノカナン,ヴィクトワールピサ,3,幸英明,1800,良,,4.4,10.1,0.0,芝,中距離,,,右回り,3歳,0.0,0.0,0.0,0.0,0.0,0.0,0.0,0.0,0.0,3900.0,0.0,0.0,0.0,0.0,0.0,0.0,0.0,0.0,0.0
2023-01-29,東京,１勝ｸﾗｽ,自己条件,4,ランドアーティスト,ヴィクトワールピサ,6,木幡巧也,2100,良,,11.4,23.2,0.0,ダート,中距離,,,左回り,5歳以上,0.0,0.0,0.0,0.0,0.0,0.0,0.0,0.0,0.0,1500.0,0.0,0.0,0.0,0.0,0.0,0.0,0.0,0.0,0.0
2023-01-29,中京,美濃Ｓ･3勝,自己条件,6,ナリタブレード,ヴィクトワールピサ,6,国分恭介,2200,良,,7.0,11.2,0.0,芝,中距離,,,左回り,5歳以上,0.0,0.0,0.0,0.0,0.0,0.0,0.0,0.0,0.0,2500.0,0.0,0.0,0.0,0.0,0.0,0.0,0.0,0.0,0.0
2023-01-29,中京,未勝利・牝,未勝利,7,ルージュアウラ,ヴィクトワールピサ,3,吉田隼人,1600,良,,2.6,4.7,0.0,芝,短距離,,,左回り,3歳,0.0,0.0,0.0,0.0,0.0,0.0,0.0,0.0,0.0,6700.0,0.0,0.0,0.0,0.0,0.0,0.0,0.0,0.0,0.0
2023-01-29,小倉,くすのき･1勝,自己条件,13,メイショウポペット,ヴィクトワールピサ,3,角田大和,1700,重,,2.3,3.1,280.0,ダート,中距離,ダ道悪,,右回り,3歳,280.0,280.0,280.0,280.0,280.0,280.0,280.0,280.0,280.0,7600.0,21280.0,21280.0,21280.0,21280.0,21280.0,21280.0,21280.0,21280.0,21280.0
2023-01-29,小倉,未勝利,未勝利,13,キースケデシュ,ヴィクトワールピサ,3,勝浦正樹,1200,重,,7.5,12.3,0.0,芝,短距離,芝道悪,,右回り,3歳,0.0,0.0,0.0,0.0,0.0,0.0,0.0,0.0,0.0,2300.0,0.0,0.0,0.0,0.0,0.0,0.0,0.0,0.0,0.0
2023-01-28,東京,白富士Ｓ(L),OP,9,ヒルノダカール,ヴィクトワールピサ,7,北村宏司,2000,良,,5.3,11.1,0.0,芝,中距離,,,左回り,5歳以上,0.0,0.0,0.0,0.0,0.0,0.0,0.0,0.0,0.0,3300.0,0.0,0.0,0.0,0.0,0.0,0.0,0.0,0.0,0.0
2023-01-28,東京,１勝ｸﾗｽ,自己条件,8,マロリン,ヴィクトワールピサ,7,菊沢一樹,1400,良,,41.1,68.9,0.0,ダート,短距離,,,左回り,5歳以上,0.0,0.0,0.0,0.0,0.0,0.0,0.0,0.0,0.0,400.0,0.0,0.0,0.0,0.0,0.0,0.0,0.0,0.0,0.0
2023-01-28,中京,新馬,新馬,12,ニホンピロソラーナ,ヴィクトワールピサ,3,水口優也,1400,良,,25.4,37.8,0.0,ダート,短距離,,,左回り,3歳,0.0,0.0,0.0,0.0,0.0,0.0,0.0,0.0,0.0,700.0,0.0,0.0,0.0,0.0,0.0,0.0,0.0,0.0,0.0
2023-01-28,小倉,１勝ｸﾗｽ,自己条件,18,ラッシュアップ,ヴィクトワールピサ,6,丸山元気,1200,重,,6.9,9.7,0.0,芝,短距離,芝道悪,,右回り,5歳以上,0.0,0.0,0.0,0.0,0.0,0.0,0.0,0.0,0.0,2500.0,0.0,0.0,0.0,0.0,0.0,0.0,0.0,0.0,0.0
2023-01-22,中山,若竹賞･1勝*,自己条件,2,パクスオトマニカ,ヴィクトワールピサ,3,横山武史,1800,良,,1.4,2.1,170.0,芝,中距離,,,右回り,3歳,159.8,159.8,159.8,160.65,160.65,160.65,161.5,161.5,161.5,12400.0,19815.2,19815.2,19815.2,19920.6,19920.6,19920.6,20026.0,20026.0,20026.0
2023-01-22,中山,未勝利,未勝利,14,ハットグットゲット,ヴィクトワールピサ,3,木幡巧也,1800,良,,6.4,16.4,0.0,ダート,中距離,,,右回り,3歳,0.0,0.0,0.0,0.0,0.0,0.0,0.0,0.0,0.0,2700.0,0.0,0.0,0.0,0.0,0.0,0.0,0.0,0.0,0.0
2023-01-22,中京,新馬・牝,新馬,9,アイヲツグモノ,ヴィクトワールピサ,3,国分恭介,1200,良,,3.6,5.1,0.0,ダート,短距離,,,左回り,3歳,0.0,0.0,0.0,0.0,0.0,0.0,0.0,0.0,0.0,4800.0,0.0,0.0,0.0,0.0,0.0,0.0,0.0,0.0,0.0
2023-01-22,中京,未勝利,未勝利,7,アスノヒロイン,ヴィクトワールピサ,3,城戸義政,1400,良,,77.9,309.3,0.0,ダート,短距離,,,左回り,3歳,0.0,0.0,0.0,0.0,0.0,0.0,0.0,0.0,0.0,200.0,0.0,0.0,0.0,0.0,0.0,0.0,0.0,0.0,0.0
2023-01-22,小倉,新馬,新馬,8,デルマスソバライ,ヴィクトワールピサ,3,鷲頭虎太,1800,良,,9.1,13.5,0.0,芝,中距離,,,右回り,3歳,0.0,0.0,0.0,0.0,0.0,0.0,0.0,0.0,0.0,1900.0,0.0,0.0,0.0,0.0,0.0,0.0,0.0,0.0,0.0
2023-01-22,小倉,新馬,新馬,3,ジャージー,ヴィクトワールピサ,3,勝浦正樹,1800,良,,22.3,33.2,0.0,芝,中距離,,,右回り,3歳,0.0,0.0,0.0,0.0,0.0,0.0,0.0,0.0,0.0,800.0,0.0,0.0,0.0,0.0,0.0,0.0,0.0,0.0,0.0
2023-01-21,中山,未勝利・牝,未勝利,3,フェスティヴラジャ,ヴィクトワールピサ,3,菊沢一樹,1200,稍,,3.4,5.4,370.0,ダート,短距離,ダ道悪,,右回り,3歳,370.0,370.0,370.0,370.0,370.0,370.0,370.0,370.0,370.0,5100.0,18870.0,18870.0,18870.0,18870.0,18870.0,18870.0,18870.0,18870.0,18870.0
2023-01-21,中京,新馬,新馬,12,ヴィヴマン,ヴィクトワールピサ,3,和田竜二,1800,良,,5.7,8.2,0.0,ダート,中距離,,,左回り,3歳,0.0,0.0,0.0,0.0,0.0,0.0,0.0,0.0,0.0,3000.0,0.0,0.0,0.0,0.0,0.0,0.0,0.0,0.0,0.0
2023-01-21,中京,未勝利,未勝利,2,ライトライズライト,ヴィクトワールピサ,3,岩田康誠,1900,良,,9.8,19.6,0.0,ダート,中距離,,,左回り,3歳,0.0,0.0,0.0,0.0,0.0,0.0,0.0,0.0,0.0,1800.0,0.0,0.0,0.0,0.0,0.0,0.0,0.0,0.0,0.0
2023-01-21,小倉,未勝利,未勝利,12,スイーツバイキング,ヴィクトワールピサ,3,今村聖奈,1800,稍,,1.7,3.4,180.0,芝,中距離,芝道悪,,右回り,3歳,169.2,169.2,169.2,170.1,170.1,170.1,171.0,171.0,171.0,10200.0,17258.4,17258.4,17258.4,17350.2,17350.2,17350.2,17442.0,17442.0,17442.0
2023-01-21,小倉,未勝利,未勝利,2,ニシノカナン,ヴィクトワールピサ,3,勝浦正樹,1800,稍,,6.6,15.7,0.0,芝,中距離,芝道悪,,右回り,3歳,0.0,0.0,0.0,0.0,0.0,0.0,0.0,0.0,0.0,2600.0,0.0,0.0,0.0,0.0,0.0,0.0,0.0,0.0,0.0
2023-01-15,小倉,１勝ｸﾗｽ,自己条件,15,ラッシュアップ,ヴィクトワールピサ,6,勝浦正樹,1200,稍,,5.4,8.6,0.0,芝,短距離,芝道悪,,右回り,5歳以上,0.0,0.0,0.0,0.0,0.0,0.0,0.0,0.0,0.0,3200.0,0.0,0.0,0.0,0.0,0.0,0.0,0.0,0.0,0.0
2023-01-15,小倉,未勝利,未勝利,3,ワカタツフェイス,ヴィクトワールピサ,3,幸英明,1800,稍,,1.9,2.6,0.0,芝,中距離,芝道悪,,右回り,3歳,0.0,0.0,0.0,0.0,0.0,0.0,0.0,0.0,0.0,9100.0,0.0,0.0,0.0,0.0,0.0,0.0,0.0,0.0,0.0
2023-01-14,中山,カーバンＨ,OP,7,ディヴィナシオン,ヴィクトワールピサ,6,北村宏司,1200,稍,,4.2,5.6,0.0,芝,短距離,芝道悪,,右回り,5歳以上,0.0,0.0,0.0,0.0,0.0,0.0,0.0,0.0,0.0,4100.0,0.0,0.0,0.0,0.0,0.0,0.0,0.0,0.0,0.0
2023-01-14,中山,アレキＨ･3勝,自己条件,8,ナリノモンターニュ,ヴィクトワールピサ,6,大野拓弥,1800,良,,7.0,10.7,0.0,ダート,中距離,,,右回り,5歳以上,0.0,0.0,0.0,0.0,0.0,0.0,0.0,0.0,0.0,2500.0,0.0,0.0,0.0,0.0,0.0,0.0,0.0,0.0,0.0
2023-01-14,中京,未勝利・牝,未勝利,6,パルティクラール,ヴィクトワールピサ,3,坂井瑠星,1400,重,,1.3,2.0,0.0,ダート,短距離,ダ道悪,,左回り,3歳,0.0,0.0,0.0,0.0,0.0,0.0,0.0,0.0,0.0,13400.0,0.0,0.0,0.0,0.0,0.0,0.0,0.0,0.0,0.0
2023-01-14,中京,未勝利,未勝利,1,ハイクライテリア,ヴィクトワールピサ,3,戸崎圭太,1200,重,,2.3,9.5,0.0,ダート,短距離,ダ道悪,,左回り,3歳,0.0,0.0,0.0,0.0,0.0,0.0,0.0,0.0,0.0,7600.0,0.0,0.0,0.0,0.0,0.0,0.0,0.0,0.0,0.0
2023-01-14,小倉,帆柱山特･1勝,自己条件,6,マイネルカグラ,ヴィクトワールピサ,4,丹内祐次,2600,重,,14.4,20.7,0.0,芝,長距離,芝道悪,,右回り,4歳,0.0,0.0,0.0,0.0,0.0,0.0,0.0,0.0,0.0,1200.0,0.0,0.0,0.0,0.0,0.0,0.0,0.0,0.0,0.0
2023-01-14,小倉,障害未勝利,未勝利,8,ガムラン,ヴィクトワールピサ,5,難波剛健,2860,重,,11.3,19.4,0.0,障害,長距離,,,右回り,5歳以上,0.0,0.0,0.0,0.0,0.0,0.0,0.0,0.0,0.0,1500.0,0.0,0.0,0.0,0.0,0.0,0.0,0.0,0.0,0.0
2023-01-14,小倉,未勝利,未勝利,4,ヴァルダリス,ヴィクトワールピサ,3,吉田隼人,1200,重,,1.6,2.1,0.0,芝,短距離,芝道悪,,右回り,3歳,0.0,0.0,0.0,0.0,0.0,0.0,0.0,0.0,0.0,10900.0,0.0,0.0,0.0,0.0,0.0,0.0,0.0,0.0,0.0
2023-01-14,小倉,未勝利,未勝利,12,キースケデシュ,ヴィクトワールピサ,3,水口優也,1200,重,,25.5,38.2,0.0,芝,短距離,芝道悪,,右回り,3歳,0.0,0.0,0.0,0.0,0.0,0.0,0.0,0.0,0.0,700.0,0.0,0.0,0.0,0.0,0.0,0.0,0.0,0.0,0.0
2023-01-09,中山,未勝利,未勝利,10,シバノナスタチウム,ヴィクトワールピサ,3,菅原隆一,1200,良,,86.8,141.0,0.0,ダート,短距離,,,右回り,3歳,0.0,0.0,0.0,0.0,0.0,0.0,0.0,0.0,0.0,200.0,0.0,0.0,0.0,0.0,0.0,0.0,0.0,0.0,0.0
2023-01-09,中京,未勝利,未勝利,2,ライトライズライト,ヴィクトワールピサ,3,角田大河,2000,良,,36.0,56.5,0.0,芝,中距離,,,左回り,3歳,0.0,0.0,0.0,0.0,0.0,0.0,0.0,0.0,0.0,500.0,0.0,0.0,0.0,0.0,0.0,0.0,0.0,0.0,0.0
2023-01-09,中京,新馬,新馬,6,アネラアーニャ,ヴィクトワールピサ,3,岩田康誠,1600,良,,9.1,15.7,0.0,芝,短距離,,,左回り,3歳,0.0,0.0,0.0,0.0,0.0,0.0,0.0,0.0,0.0,1900.0,0.0,0.0,0.0,0.0,0.0,0.0,0.0,0.0,0.0
2023-01-08,中山,未勝利,未勝利,1,イデアテッシン,ヴィクトワールピサ,3,内田博幸,1800,良,,20.7,32.2,0.0,ダート,中距離,,,右回り,3歳,0.0,0.0,0.0,0.0,0.0,0.0,0.0,0.0,0.0,800.0,0.0,0.0,0.0,0.0,0.0,0.0,0.0,0.0,0.0
2023-01-08,中山,未勝利,未勝利,4,アスノヒロイン,ヴィクトワールピサ,3,原田和真,1200,良,,81.7,203.5,0.0,ダート,短距離,,,右回り,3歳,0.0,0.0,0.0,0.0,0.0,0.0,0.0,0.0,0.0,200.0,0.0,0.0,0.0,0.0,0.0,0.0,0.0,0.0,0.0
2023-01-08,中京,２勝ｸﾗｽ,自己条件,1,ガリレイ,ヴィクトワールピサ,6,菱田裕二,1200,良,,1.7,2.5,0.0,芝,短距離,,,左回り,5歳以上,0.0,0.0,0.0,0.0,0.0,0.0,0.0,0.0,0.0,10200.0,0.0,0.0,0.0,0.0,0.0,0.0,0.0,0.0,0.0
2023-01-08,中京,新馬,新馬,14,ルージュアウラ,ヴィクトワールピサ,3,吉田隼人,2000,良,,2.2,3.6,0.0,芝,中距離,,,左回り,3歳,0.0,0.0,0.0,0.0,0.0,0.0,0.0,0.0,0.0,7900.0,0.0,0.0,0.0,0.0,0.0,0.0,0.0,0.0,0.0
2023-01-07,中山,２勝ｸﾗｽ・牝,自己条件,10,トーセンメラニー,ヴィクトワールピサ,5,原優介,1800,良,,4.2,11.7,1060.0,芝,中距離,,,右回り,5歳以上,1060.0,1060.0,1060.0,1060.0,1060.0,1060.0,1060.0,1060.0,1060.0,4100.0,43460.0,43460.0,43460.0,43460.0,43460.0,43460.0,43460.0,43460.0,43460.0
2023-01-07,中山,未勝利,未勝利,4,ヒーステソーロ,ヴィクトワールピサ,3,原優介,2000,良,,52.1,78.3,0.0,芝,中距離,,,右回り,3歳,0.0,0.0,0.0,0.0,0.0,0.0,0.0,0.0,0.0,300.0,0.0,0.0,0.0,0.0,0.0,0.0,0.0,0.0,0.0
2023-01-07,中京,寿Ｓ･3勝,自己条件,8,ナリタブレード,ヴィクトワールピサ,6,富田暁,2000,良,,14.3,22.1,0.0,芝,中距離,,,左回り,5歳以上,0.0,0.0,0.0,0.0,0.0,0.0,0.0,0.0,0.0,1200.0,0.0,0.0,0.0,0.0,0.0,0.0,0.0,0.0,0.0
2023-01-07,中京,未勝利,未勝利,14,アグネスクウ,ヴィクトワールピサ,3,岩田康誠,1800,良,,29.6,46.0,0.0,ダート,中距離,,,左回り,3歳,0.0,0.0,0.0,0.0,0.0,0.0,0.0,0.0,0.0,600.0,0.0,0.0,0.0,0.0,0.0,0.0,0.0,0.0,0.0
2023-01-05,中山,未勝利,未勝利,10,ニシノカナン,ヴィクトワールピサ,3,勝浦正樹,1600,良,,15.4,23.2,0.0,芝,短距離,,,右回り,3歳,0.0,0.0,0.0,0.0,0.0,0.0,0.0,0.0,0.0,1100.0,0.0,0.0,0.0,0.0,0.0,0.0,0.0,0.0,0.0
2023-01-05,中山,未勝利,未勝利,11,オメガキャプテン,ヴィクトワールピサ,3,横山和生,1200,良,,2.2,5.2,0.0,ダート,短距離,,,右回り,3歳,0.0,0.0,0.0,0.0,0.0,0.0,0.0,0.0,0.0,7900.0,0.0,0.0,0.0,0.0,0.0,0.0,0.0,0.0,0.0
2023-01-05,中京,２勝ｸﾗｽ,自己条件,9,マイプレシャス,ヴィクトワールピサ,5,泉谷楓真,1600,良,,4.1,6.2,470.0,芝,短距離,,,左回り,5歳以上,470.0,470.0,470.0,470.0,470.0,470.0,470.0,470.0,470.0,4200.0,19740.0,19740.0,19740.0,19740.0,19740.0,19740.0,19740.0,19740.0,19740.0
2023-01-05,中京,万葉ＳＨ,OP,14,エンデュミオン,ヴィクトワールピサ,6,秋山真一,3000,良,,3.9,5.6,0.0,芝,長距離,,,左回り,5歳以上,0.0,0.0,0.0,0.0,0.0,0.0,0.0,0.0,0.0,4500.0,0.0,0.0,0.0,0.0,0.0,0.0,0.0,0.0,0.0
2023-01-05,中京,２勝ｸﾗｽ,自己条件,3,グラウクス,ヴィクトワールピサ,7,幸英明,1200,良,,26.7,39.9,0.0,ダート,短距離,,,左回り,5歳以上,0.0,0.0,0.0,0.0,0.0,0.0,0.0,0.0,0.0,700.0,0.0,0.0,0.0,0.0,0.0,0.0,0.0,0.0,0.0
2023-01-05,中京,未勝利,未勝利,10,タニセンイメル,ヴィクトワールピサ,3,西村淳也,1900,良,,20.6,40.3,0.0,ダート,中距離,,,左回り,3歳,0.0,0.0,0.0,0.0,0.0,0.0,0.0,0.0,0.0,800.0,0.0,0.0,0.0,0.0,0.0,0.0,0.0,0.0,0.0
