2026,02,08,小倉,1,未勝利,３歳・未勝利(馬齢)[指定],ダート,1700,良(暫定),16,"Lv3 ",1,,1,,,,,,,モズジェネラル,,牡,3,2,1,25,京都,D,1400,,,◎,17,17,16,良,4,3,未勝利,37.3,逃げ,7,,52.3,54.0,12,7,阪神,T,1400,,,,,,,良,10,10,未勝利*,35.3,中団,7,,48.4,46.9,10,18,東京,D,1600,◎,06,○,09,,,良,6,2,未勝利*,39.0,先行,2,,44.5,48.0,10,4,京都,D,1400,◎,09,◎,16,,,重,4,6,新馬,37.3,差し,初,,47.1,45.2,,,,,,,,,,,,,,,,,,,,,
2026,02,08,小倉,1,未勝利,３歳・未勝利(馬齢)[指定],ダート,1700,良(暫定),16,"Lv3 ",1,,2,,,,,,,ノリノドラゴン,新,牡,3,13,11,9,京都,D,1400,,,×,03,,,稍,9,7,未勝利*,37.7,後方,3,,48.1,44.7,10,18,京都,D,1400,,,★,03,,,稍,2,7,未勝利*,36.8,追込,2,,49.0,42.7,10,4,京都,D,1400,★,00,△,04,,,重,8,16,新馬,37.5,後方,初,,48.6,45.2,,,,,,,,,,,,,,,,,,,,,,,,,,,,,,,,,,,,,,,,,,
2026,02,08,小倉,1,未勝利,３歳・未勝利(馬齢)[指定],ダート,1700,良(暫定),16,"Lv3 ",2,,3,,,,,,,ユイノサダハル,,牡,3,4,1,12,中山,D,1800,,,,,,,良,6,8,未勝利,40.8,中団,3,,43.9,44.9,12,21,中山,D,1800,,,,,,,不,4,8,未勝利*,37.9,差し,6,,50.4,46.8,11,8,福島,D,1700,,,,,,,良,7,10,未勝利*,38.9,中団,4,,47.3,44.8,10,13,東京,T,1800,,,,,,,良,11,12,新馬,35.9,先行,初,,51.7,54.8,,,,,,,,,,,,,,,,,,,,,
2026,02,08,小倉,1,未勝利,３歳・未勝利(馬齢)[指定],ダート,1700,良(暫定),16,"Lv3 ",2,,4,,,,,,,シャープインサイト,,牡,3,11,11,23,京都,D,1400,,,,,,,良,12,8,未勝利*,40.0,中団,2,,40.4,44.5,11,9,京都,D,1400,,,,,,,稍,5,12,新馬,37.2,先行,初,,47.4,47.6,,,,,,,,,,,,,,,,,,,,,,,,,,,,,,,,,,,,,,,,,,,,,,,,,,,,,,,,,,,,,,,
2026,02,08,小倉,1,未勝利,３歳・未勝利(馬齢)[指定],ダート,1700,良(暫定),16,"Lv3 ",3,,5,,,,,,,レッツエンジョイ,,牡,3,9,12,7,阪神,D,1400,,,,,,,良,5,10,未勝利*,38.7,逃げ,2,,42.6,44.1,11,22,京都,D,1400,,,,,,,良,4,13,新馬,37.9,先行,初,,46.0,48.8,,,,,,,,,,,,,,,,,,,,,,,,,,,,,,,,,,,,,,,,,,,,,,,,,,,,,,,,,,,,,,,
2026,02,08,小倉,1,未勝利,３歳・未勝利(馬齢)[指定],ダート,1700,良(暫定),16,"Lv3 ",3,,6,,,,,,,オーパパ,,牡,3,5,1,4,中山,D,1800,,,,,,,稍,11,4,未勝利,44.2,後方,9,,34.7,41.5,11,1,東京,D,1600,,,,,,,不,6,9,未勝利*,37.0,中団,2,,47.1,44.4,10,18,東京,T,1600,,,,,,,良,7,10,新馬,34.7,先行,初,,54.4,56.1,,,,,,,,,,,,,,,,,,,,,,,,,,,,,,,,,,,,,,,,,,
2026,02,08,小倉,1,未勝利,３歳・未勝利(馬齢)[指定],ダート,1700,良(暫定),16,"Lv3 ",4,,7,,,,,,,ロンバルドシチー,,牡,3,4,1,11,京都,D,1800,,,◎,17,17,17,良,5,9,未勝利,39.1,先行,3,,49.0,52.4,12,21,中京,D,1800,,,×,02,,,稍,6,6,未勝利*,40.0,中団,15,+,46.1,48.5,9,7,中山,D,1800,◎,09,◎,17,05,,良,6,7,新馬,41.3,先行,初,,43.1,44.7,,,,,,,,,,,,,,,,,,,,,,,,,,,,,,,,,,,,,,,,,,
2026,02,08,小倉,1,未勝利,３歳・未勝利(馬齢)[指定],ダート,1700,良(暫定),16,"Lv3 ",4,,8,,,,,,,バケラッタ,,牡,3,2,1,25,京都,D,1800,,,○,17,09,,良,5,7,未勝利,37.8,先行,2,,54.2,54.4,1,12,京都,D,1800,,,◎,17,04,,良,10,6,新馬,37.9,中団,初,,54.0,56.3,,,,,,,,,,,,,,,,,,,,,,,,,,,,,,,,,,,,,,,,,,,,,,,,,,,,,,,,,,,,,,,
2026,02,08,小倉,1,未勝利,３歳・未勝利(馬齢)[指定],ダート,1700,良(暫定),16,"Lv3 ",5,,9,,,,,,,シュトルムカイザー,,セ,3,5,1,4,京都,D,1200,,,×,02,,,良,15,14,未勝利,37.4,後方,4,,50.8,47.8,12,6,阪神,D,1200,,,,,,,良,9,16,未勝利*,37.3,後方,3,,49.7,42.9,11,16,福島,D,1700,,,,,,,良,14,11,新馬,42.5,後方,初,,40.6,47.7,,,,,,,,,,,,,,,,,,,,,,,,,,,,,,,,,,,,,,,,,,
2026,02,08,小倉,1,未勝利,３歳・未勝利(馬齢)[指定],ダート,1700,良(暫定),16,"Lv3 ",5,,10,,,,,,,ビナハイバン,,牡,3,8,12,14,阪神,D,1400,,,,,,,稍,14,13,未勝利*,41.3,中団,2,,36.3,42.2,11,29,京都,D,1800,,,,,,,良,8,8,新馬,39.8,中団,初,,46.2,50.5,,,,,,,,,,,,,,,,,,,,,,,,,,,,,,,,,,,,,,,,,,,,,,,,,,,,,,,,,,,,,,,
2026,02,08,小倉,1,未勝利,３歳・未勝利(馬齢)[指定],ダート,1700,良(暫定),16,"Lv3 ",6,,11,,,,,,,イサギ,,牡,3,9,12,6,阪神,D,1200,,,△,07,,,良,7,7,未勝利*,37.8,中団,2,,45.0,42.9,11,23,京都,D,1400,,,▲,05,,,良,7,7,未勝利*,38.6,中団,2,,44.2,44.5,11,8,福島,D,1700,,,,,,,良,5,3,未勝利*,39.8,先行,5,,43.5,44.8,10,4,京都,D,1800,,,,,,,重,4,9,未勝利*,38.1,先行,2,,48.2,48.8,9,21,阪神,T,1800,,,,,,,良,8,5,新馬,34.9,中団,初,,55.2,55.8
2026,02,08,小倉,1,未勝利,３歳・未勝利(馬齢)[指定],ダート,1700,良(暫定),16,"Lv3 ",6,,12,,,,,,,マイネルゼーロス,,牡,3,連,2,1,小倉,D,1700,,,×,01,,,良,5,7,未勝利,39.3,中団,4,,46.2,48.4,1,5,中山,T,2000,,,,,,,良,11,15,未勝利,36.9,先行,11,+,49.0,50.9,10,18,新潟,T,1600,○,00,◎,01,,,良,7,7,未勝利*,34.1,後方,4,,56.8,56.2,9,21,中山,T,1800,×,00,×,01,,,良,5,3,未勝利*,36.2,先行,2,,52.6,54.5,9,7,中山,T,1800,▲,04,★,05,,,良,6,3,新馬,34.9,先行,初,,56.9,57.8
2026,02,08,小倉,1,未勝利,３歳・未勝利(馬齢)[指定],ダート,1700,良(暫定),16,"Lv3 ",7,,13,,,,,,,コパノルーカス,Ｃ,牡,3,15,10,25,京都,D,1800,★,04,×,00,,,良,8,9,未勝利*,39.5,先行,2,,48.9,53.3,10,11,京都,D,1800,,,,,,,良,5,7,未勝利*,38.0,後方,2,,52.9,53.0,9,27,阪神,D,1400,,,,,,,良,8,12,未勝利*,39.2,後方,5,,43.9,46.0,8,23,札幌,T,1500,,,,,,,稍,8,7,新馬,38.9,後方,初,,49.7,55.0,,,,,,,,,,,,,,,,,,,,,
2026,02,08,小倉,1,未勝利,３歳・未勝利(馬齢)[指定],ダート,1700,良(暫定),16,"Lv3 ",7,,14,,,,,,,デルニエジョイ,,牡,3,16,10,18,京都,D,1400,◎,17,,,,,稍,7,3,未勝利*,38.8,逃げ,2,,41.0,42.7,10,5,京都,T,1600,◎,17,○,05,,,稍,5,4,未勝利*,36.1,先行,2,,47.7,49.6,9,20,阪神,T,1600,◎,17,,,,,良,4,6,新馬,34.0,先行,初,,58.7,60.3,,,,,,,,,,,,,,,,,,,,,,,,,,,,,,,,,,,,,,,,,,
2026,02,08,小倉,1,未勝利,３歳・未勝利(馬齢)[指定],ダート,1700,良(暫定),16,"Lv3 ",8,,15,,,,,,,ゴーゴーパワー,,牡,3,18,10,4,京都,D,1800,,,,,,,重,10,12,未勝利*,38.7,後方,11,+,48.8,48.8,7,20,小倉,T,1800,,,,,,,良,8,12,新馬,37.5,ﾏｸﾘ,初,,52.8,58.5,,,,,,,,,,,,,,,,,,,,,,,,,,,,,,,,,,,,,,,,,,,,,,,,,,,,,,,,,,,,,,,
2026,02,08,小倉,1,未勝利,３歳・未勝利(馬齢)[指定],ダート,1700,良(暫定),16,"Lv3 ",8,,16,,,,,,,ブルーミーティア,Ｃ,牡,3,8,12,14,中京,D,1400,,,,,,,稍,7,10,未勝利*,38.7,中団,2,,43.6,39.8,11,30,東京,D,1400,,,,,,,良,5,3,未勝利*,38.3,先行,2,,46.0,46.3,11,16,東京,D,1400,,,,,,,良,2,1,未勝利*,37.9,逃げ,8,,46.6,46.8,9,20,中山,D,1800,○,04,◎,03,,,重,6,1,未勝利*,42.6,逃げ,3,,38.6,43.9,8,31,新潟,D,1800,▲,06,△,04,,,良,3,7,新馬,38.5,逃げ,初,,51.0,54.0
2026,02,08,小倉,2,未勝利・牝,３歳・未勝利(馬齢)(牝)[指定],芝,1200,良(暫定),17,"Lv3 ",1,,1,,,,,,,シェーロドラート,,牝,3,7,12,21,中京,T,1400,,,,,,,稍,5,3,未勝利*,35.0,先行,4,,51.1,50.5,11,24,東京,T,1400,,,,,,,良,4,4,未勝利*,33.8,差し,3,,57.0,54.3,11,2,東京,T,1600,,,,,,,良,8,3,新馬・牝,35.0,先行,初,,52.0,53.3,,,,,,,,,,,,,,,,,,,,,,,,,,,,,,,,,,,,,,,,,,
2026,02,08,小倉,2,未勝利・牝,３歳・未勝利(馬齢)(牝)[指定],芝,1200,良(暫定),17,"Lv3 ",1,,2,,,,,,,ダブルチャレンジ,Ｃ,牝,3,9,12,6,中京,T,1200,,,▲,04,,,良,6,10,未勝利*,34.8,先行,6,,50.3,49.7,10,25,新潟,D,1200,,,,,,,良,14,5,未勝利*,42.2,先行,11,+,32.5,41.8,8,9,中京,T,1200,★,04,△,07,,,良,5,7,未勝利*,35.3,逃げ,2,,46.6,48.3,7,26,中京,T,1400,○,02,◎,02,,,良,9,10,新馬,37.4,逃げ,初,,43.2,48.2,,,,,,,,,,,,,,,,,,,,,
2026,02,08,小倉,2,未勝利・牝,３歳・未勝利(馬齢)(牝)[指定],芝,1200,良(暫定),17,"Lv3 ",2,,3,,,,,,,ルルマーレ,,牝,3,9,12,6,中山,D,1200,,,,,,,良,12,3,未勝利*,40.3,先行,4,,37.3,44.1,11,8,東京,T,1400,,,,,,,良,7,2,新馬,34.9,逃げ,初,,54.9,57.3,,,,,,,,,,,,,,,,,,,,,,,,,,,,,,,,,,,,,,,,,,,,,,,,,,,,,,,,,,,,,,,
2026,02,08,小倉,2,未勝利・牝,３歳・未勝利(馬齢)(牝)[指定],芝,1200,良(暫定),17,"Lv3 ",2,,4,,,,,,,ハッピーローヴァー,新,牝,3,7,12,21,中京,T,1400,,,◎,17,03,,稍,6,5,未勝利*,35.2,中団,2,,50.8,50.5,12,7,中京,T,1600,,,○,09,,,良,5,6,未勝利*,34.5,中団,10,+,54.2,52.7,9,27,阪神,T,1600,△,02,△,07,,,良,6,3,新馬・牝,34.9,中団,初,,53.5,51.7,,,,,,,,,,,,,,,,,,,,,,,,,,,,,,,,,,,,,,,,,,
2026,02,08,小倉,2,未勝利・牝,３歳・未勝利(馬齢)(牝)[指定],芝,1200,良(暫定),17,"Lv3 ",3,,5,,,,,,,ティンクルバレット,,牝,3,2,1,25,小倉,T,1200,,,△,07,,,良,4,9,未勝利,34.4,先行,14,+,48.5,47.7,10,19,京都,T,1400,△,01,△,07,,,良,9,8,新馬,35.4,中団,初,,51.3,51.1,,,,,,,,,,,,,,,,,,,,,,,,,,,,,,,,,,,,,,,,,,,,,,,,,,,,,,,,,,,,,,,
2026,02,08,小倉,2,未勝利・牝,３歳・未勝利(馬齢)(牝)[指定],芝,1200,良(暫定),17,"Lv3 ",3,,6,,,,,,,キョウエイクローム,,牝,3,11,11,22,京都,T,1200,,,▲,11,,,良,止,18,未勝利*,----,,4,,,46.0,10,26,京都,T,1800,▲,01,▲,02,,,稍,8,10,新馬,35.8,先行,初,,57.8,63.9,,,,,,,,,,,,,,,,,,,,,,,,,,,,,,,,,,,,,,,,,,,,,,,,,,,,,,,,,,,,,,,
2026,02,08,小倉,2,未勝利・牝,３歳・未勝利(馬齢)(牝)[指定],芝,1200,良(暫定),17,"Lv3 ",4,,7,,,,,,,グレーターグレイ,,牝,3,9,12,7,阪神,T,1600,,,×,02,,,良,16,10,新馬,35.0,中団,初,,57.3,59.3,,,,,,,,,,,,,,,,,,,,,,,,,,,,,,,,,,,,,,,,,,,,,,,,,,,,,,,,,,,,,,,,,,,,,,,,,,,,,,,,,,,,
2026,02,08,小倉,2,未勝利・牝,３歳・未勝利(馬齢)(牝)[指定],芝,1200,良(暫定),17,"Lv3 ",4,,8,,,,,,,バランソワール,,牝,3,12,11,15,福島,T,1200,,,,,,,良,2,5,未勝利*,34.6,追込,11,+,49.4,44.1,8,31,新潟,T,1400,,,,,,,良,7,1,未勝利*,36.7,中団,7,,45.8,45.9,7,12,福島,T,1200,,,,,,,良,3,1,新馬,34.7,差し,初,,56.3,51.1,,,,,,,,,,,,,,,,,,,,,,,,,,,,,,,,,,,,,,,,,,
2026,02,08,小倉,2,未勝利・牝,３歳・未勝利(馬齢)(牝)[指定],芝,1200,良(暫定),17,"Lv3 ",5,,9,,,,,,,ノーブルマドンナ,,牝,3,8,12,14,阪神,T,1400,,,,,,,稍,8,9,新馬,36.4,先行,初,,46.4,48.7,,,,,,,,,,,,,,,,,,,,,,,,,,,,,,,,,,,,,,,,,,,,,,,,,,,,,,,,,,,,,,,,,,,,,,,,,,,,,,,,,,,,
2026,02,08,小倉,2,未勝利・牝,３歳・未勝利(馬齢)(牝)[指定],芝,1200,良(暫定),17,"Lv3 ",5,,10,,,,,,,ゴッドアイ,,牝,3,9,12,7,阪神,T,1400,,,,,,,良,3,7,未勝利*,35.1,先行,15,+,47.6,46.9,8,23,中京,T,1400,,,,,,,良,2,1,新馬,35.1,逃げ,2,,51.3,51.9,8,9,中京,T,1400,,,,,,,良,外,--,新馬,----,,初,,,55.0,,,,,,,,,,,,,,,,,,,,,,,,,,,,,,,,,,,,,,,,,,
2026,02,08,小倉,2,未勝利・牝,３歳・未勝利(馬齢)(牝)[指定],芝,1200,良(暫定),17,"Lv3 ",6,,11,,,,,,,ミスマリーゴールド,,牝,3,10,11,30,京都,T,1200,,,,,,,良,5,10,新馬,35.4,先行,初,,50.3,52.0,,,,,,,,,,,,,,,,,,,,,,,,,,,,,,,,,,,,,,,,,,,,,,,,,,,,,,,,,,,,,,,,,,,,,,,,,,,,,,,,,,,,
2026,02,08,小倉,2,未勝利・牝,３歳・未勝利(馬齢)(牝)[指定],芝,1200,良(暫定),17,"Lv3 ",6,,12,,,,,,,グラディオール,,牝,3,10,11,30,京都,T,1200,,,,,,,良,9,1,新馬,34.6,後方,初,,55.8,52.0,,,,,,,,,,,,,,,,,,,,,,,,,,,,,,,,,,,,,,,,,,,,,,,,,,,,,,,,,,,,,,,,,,,,,,,,,,,,,,,,,,,,
2026,02,08,小倉,2,未勝利・牝,３歳・未勝利(馬齢)(牝)[指定],芝,1200,良(暫定),17,"Lv3 ",7,,13,,,,,,,フェンネル,,牝,3,11,11,22,京都,D,1200,,,◎,17,03,,良,14,11,未勝利・牝*,38.5,後方,2,,46.9,48.4,11,8,京都,T,1400,◎,08,◎,15,,,良,7,11,新馬,36.3,先行,初,,48.8,51.2,,,,,,,,,,,,,,,,,,,,,,,,,,,,,,,,,,,,,,,,,,,,,,,,,,,,,,,,,,,,,,,
2026,02,08,小倉,2,未勝利・牝,３歳・未勝利(馬齢)(牝)[指定],芝,1200,良(暫定),17,"Lv3 ",7,,14,,,,,,,ディアーモルタル,,牝,3,10,11,30,京都,T,1200,,,×,02,,,良,8,4,新馬,34.4,後方,初,,57.0,52.0,,,,,,,,,,,,,,,,,,,,,,,,,,,,,,,,,,,,,,,,,,,,,,,,,,,,,,,,,,,,,,,,,,,,,,,,,,,,,,,,,,,,
2026,02,08,小倉,2,未勝利・牝,３歳・未勝利(馬齢)(牝)[指定],芝,1200,良(暫定),17,"Lv3 ",8,,15,,,,,,,ハヤテノオジョー,,牝,3,14,11,1,京都,T,1200,○,04,○,15,,,稍,4,4,未勝利*,34.6,差し,2,,52.9,50.9,10,18,新潟,T,1200,×,00,,,,,良,6,7,未勝利*,35.4,先行,11,+,47.5,46.3,8,2,札幌,T,1500,○,06,◎,12,,,良,4,6,新馬,34.8,先行,初,,55.6,56.4,,,,,,,,,,,,,,,,,,,,,,,,,,,,,,,,,,,,,,,,,,
2026,02,08,小倉,2,未勝利・牝,３歳・未勝利(馬齢)(牝)[指定],芝,1200,良(暫定),17,"Lv3 ",8,,16,,,,,,,エコロアビス,,牝,3,2,1,25,小倉,T,1200,,,★,05,,,良,3,4,未勝利,34.5,先行,10,+,47.7,47.7,11,15,福島,T,1200,,,,,,,良,6,9,未勝利*,34.8,中団,3,,48.3,44.1,10,26,新潟,T,1600,×,00,,,,,稍,4,9,新馬,34.5,差し,初,,61.5,62.9,,,,,,,,,,,,,,,,,,,,,,,,,,,,,,,,,,,,,,,,,,
2026,02,08,小倉,2,未勝利・牝,３歳・未勝利(馬齢)(牝)[指定],芝,1200,良(暫定),17,"Lv3 ",8,,17,,,,,,,フルフィルメント,,牝,3,2,1,24,京都,T,1400,,,△,12,,,良,4,15,未勝利,35.8,逃げ,8,,47.8,49.2,11,29,京都,T,1600,,,,,,,良,7,13,未勝利*,36.2,逃げ,2,,48.5,51.2,11,16,京都,D,1400,,,,,,,良,10,12,未勝利・牝*,38.8,中団,4,,42.0,43.9,10,19,新潟,T,2000,,,,,,,稍,10,9,未勝利*,37.6,先行,9,,47.5,50.3,8,17,中京,T,2000,,,,,,,良,6,6,未勝利*,37.0,逃げ,2,,49.2,54.5
2026,02,08,小倉,3,１勝ｸﾗｽ,４歳以上・１勝クラス/500万下(定量)(混)[指定],ダート,1000,良(暫定),14,"Lv2 ",1,B,1,,,,,,,カジカライズ,,牡,5,8,12,14,中京,D,1200,,,,,,,稍,15,13,１勝ｸﾗｽ,38.6,後方,5,,44.3,48.6,11,9,福島,T,1200,◎,04,,,,,良,14,11,１勝ｸﾗｽ,35.5,中団,4,,47.2,48.0,10,10,園田,D,1400,,,,,,,良,1,2,Ｃ２二,----,先行,4,,,,9,17,園田,D,1400,,,,,,,良,4,2,Ｃ２二,----,差し,2,,,,9,3,園田,D,1400,,,,,,,良,1,1,志知鈩,----,先行,2,,,
2026,02,08,小倉,3,１勝ｸﾗｽ,４歳以上・１勝クラス/500万下(定量)(混)[指定],ダート,1000,良(暫定),14,"Lv2 ",2,,2,,,,,,,アルヘンティニータ,,牝,5,11,11,22,福島,D,1150,,,,,,,良,3,9,１勝ｸﾗｽ,37.3,差し,2,,45.1,42.3,11,8,福島,D,1150,,,,,,,良,4,15,１勝ｸﾗｽ・牝,37.5,先行,24,+,41.6,41.8,5,25,新潟,D,1200,,,,,,,稍,15,12,１勝ｸﾗｽ・牝,39.0,後方,4,,41.0,44.3,4,26,福島,D,1150,,,,,,,良,5,13,１勝ｸﾗｽ・牝,37.8,先行,29,+,42.6,43.3,10,8,門別,D,1200,,,,,,,稍,1,2,十勝軽,----,先行,2,,,
2026,02,08,小倉,3,１勝ｸﾗｽ,４歳以上・１勝クラス/500万下(定量)(混)[指定],ダート,1000,良(暫定),14,"Lv2 ",3,,3,,,,,,,マオノクラッシュ,,牝,4,8,12,13,中山,D,1200,,,▲,00,,,良,6,1,１勝ｸﾗｽ,37.3,中団,16,+,45.2,44.4,8,24,新潟,D,1200,,,,,,,良,1,3,未勝利,36.6,先行,3,,44.8,44.3,8,2,新潟,D,1200,,,,,,,良,3,4,未勝利・牝,37.4,先行,7,,44.1,43.1,6,15,東京,D,1400,◎,05,▲,10,,,重,7,1,未勝利・牝,37.3,中団,6,,45.3,44.5,5,3,東京,D,1400,,,,,,,不,4,6,未勝利・牝,36.1,先行,7,,50.6,51.3
2026,02,08,小倉,3,１勝ｸﾗｽ,４歳以上・１勝クラス/500万下(定量)(混)[指定],ダート,1000,良(暫定),14,"Lv2 ",3,B,4,,,,,,,イチトゼロノアイダ,Ｃ,牝,4,9,12,7,阪神,D,1200,,,,,,,良,9,8,１勝ｸﾗｽ・牝,39.4,逃げ,4,,38.3,42.1,11,8,福島,D,1150,,,,,,,良,6,6,１勝ｸﾗｽ,37.9,先行,11,+,40.4,40.8,8,24,札幌,D,1000,,,,,,,良,2,2,１勝ｸﾗｽ,35.8,逃げ,8,,49.3,49.6,6,28,函館,D,1000,◎,04,◎,17,08,,稍,12,9,１勝ｸﾗｽ,36.8,中団,2,,43.8,44.4,6,14,函館,D,1000,◎,05,◎,17,15,,良,1,1,未勝利,36.4,逃げ,10,+,46.0,46.0
2026,02,08,小倉,3,１勝ｸﾗｽ,４歳以上・１勝クラス/500万下(定量)(混)[指定],ダート,1000,良(暫定),14,"Lv2 ",4,B,5,,,,,,,グッドヴァイブス,,牡,5,9,12,6,中山,D,1200,,,,,,,良,15,2,１勝ｸﾗｽ,40.0,先行,23,+,35.0,40.9,6,29,福島,T,1200,,,,,,,良,止,4,１勝ｸﾗｽ,----,,8,,,43.3,5,4,新潟,D,1200,,,,,,,稍,9,3,１勝ｸﾗｽ,38.3,先行,3,,39.8,39.1,4,13,福島,D,1150,,,,,,,良,3,2,１勝ｸﾗｽ,37.3,差し,8,,44.5,44.1,2,16,小倉,D,1000,,,×,00,,,良,4,2,１勝ｸﾗｽ,36.1,差し,2,,44.7,43.2
2026,02,08,小倉,3,１勝ｸﾗｽ,４歳以上・１勝クラス/500万下(定量)(混)[指定],ダート,1000,良(暫定),14,"Lv2 ",4,,6,,,,,,,シャーンゴッセ,,セ,6,11,11,22,福島,D,1150,,,△,06,,,良,4,2,１勝ｸﾗｽ,37.5,差し,2,,44.5,42.3,11,8,福島,D,1150,○,03,▲,06,,,良,2,7,１勝ｸﾗｽ,36.5,差し,6,,46.2,40.8,9,25,浦和,D,1400,,,,,,,良,5,1,マルチ,----,中団,9,,,,7,26,新潟,D,1200,,,,,,,良,5,3,１勝ｸﾗｽ,37.6,先行,2,,42.0,42.5,7,13,福島,D,1150,,,,,,,良,3,3,１勝ｸﾗｽ,36.9,先行,8,,45.5,39.8
2026,02,08,小倉,3,１勝ｸﾗｽ,４歳以上・１勝クラス/500万下(定量)(混)[指定],ダート,1000,良(暫定),14,"Lv2 ",5,,7,,,,,,,スターチスブーケ,,牝,5,13,11,9,福島,T,1200,,,,,,,良,11,16,１勝ｸﾗｽ,35.2,後方,2,,49.7,45.8,10,25,新潟,T,1000,,,,,,,良,12,7,稲光特別･1勝,32.6,中団,13,+,57.7,55.4,7,26,新潟,D,1200,,,,,,,良,8,12,１勝ｸﾗｽ,36.8,後方,連,=,47.6,42.5,7,19,福島,D,1150,,,,,,,良,8,8,１勝ｸﾗｽ,36.5,中団,9,,51.0,46.2,5,18,新潟,D,1200,,,,,,,良,8,13,１勝ｸﾗｽ,37.1,後方,2,,46.5,40.2
2026,02,08,小倉,3,１勝ｸﾗｽ,４歳以上・１勝クラス/500万下(定量)(混)[指定],ダート,1000,良(暫定),14,"Lv2 ",5,,8,,,,,,,マカニ,,牝,4,2,1,25,小倉,D,1000,,,○,17,01,,良,5,6,１勝ｸﾗｽ,36.5,先行,25,+,45.8,46.1,8,2,札幌,D,1000,▲,07,,,,,良,1,4,未勝利,35.7,逃げ,29,+,47.9,47.9,1,11,中山,D,1200,,,△,05,,,稍,14,3,未勝利,41.2,逃げ,23,+,32.3,37.8,8,3,新潟,D,1800,,,,,,,良,9,5,新馬,43.3,逃げ,初,,36.5,44.1,,,,,,,,,,,,,,,,,,,,,
2026,02,08,小倉,3,１勝ｸﾗｽ,４歳以上・１勝クラス/500万下(定量)(混)[指定],ダート,1000,良(暫定),14,"Lv2 ",6,,9,,,,,,,レネネト,,牝,4,29,7,17,門別,D,1200,,,,,,,稍,1,1,３歳以,----,逃げ,3,,,,7,1,門別,D,1000,,,,,,,良,1,1,バスケ,----,逃げ,18,+,,,2,22,京都,D,1200,△,06,△,12,,,良,12,4,未勝利,39.3,中団,2,,43.1,46.2,2,10,京都,D,1400,,,◎,11,,,良,7,5,未勝利,39.7,逃げ,初,,41.4,46.8,,,,,,,,,,,,,,,,,,,,,
2026,02,08,小倉,3,１勝ｸﾗｽ,４歳以上・１勝クラス/500万下(定量)(混)[指定],ダート,1000,良(暫定),14,"Lv2 ",6,,10,,,,,,,エコロカディス,,セ,4,9,12,7,中京,D,1400,,,,,,,良,13,8,１勝ｸﾗｽ,39.4,先行,3,,38.7,41.5,11,16,東京,D,1600,,,,,,,良,5,9,１勝ｸﾗｽ,38.1,逃げ,16,+,44.0,45.3,7,26,新潟,D,1200,,,,,,,良,10,8,１勝ｸﾗｽ,37.8,中団,3,,43.1,42.5,7,6,福島,D,1150,,,,,,,良,5,2,１勝ｸﾗｽ,37.6,中団,14,+,43.7,43.0,3,30,中山,D,1200,,,,,,,稍,1,3,未勝利,37.6,差し,9,,42.8,39.3
2026,02,08,小倉,3,１勝ｸﾗｽ,４歳以上・１勝クラス/500万下(定量)(混)[指定],ダート,1000,良(暫定),14,"Lv2 ",7,B,11,,,,,,,クインズシフォン,Ｃ,牝,4,3,1,17,中山,D,1200,,,,,,,良,3,9,１勝ｸﾗｽ,37.1,差し,3,,44.1,41.2,12,28,中山,D,1200,,,,,,,良,5,6,１勝ｸﾗｽ,37.7,中団,13,+,43.4,41.5,9,27,中山,D,1200,,,,,,,良,6,9,１勝ｸﾗｽ,37.0,後方,8,,45.4,38.1,8,3,新潟,D,1200,,,,,,,良,10,2,１勝ｸﾗｽ・牝,37.4,後方,10,+,46.8,43.8,5,25,東京,D,1400,▲,02,△,02,,,不,5,8,１勝ｸﾗｽ*,36.1,後方,7,,49.1,46.3
2026,02,08,小倉,3,１勝ｸﾗｽ,４歳以上・１勝クラス/500万下(定量)(混)[指定],ダート,1000,良(暫定),14,"Lv2 ",7,,12,,,,,,,ヨーグルトナン,,牝,4,7,12,21,中京,D,1200,,,,,,,稍,7,8,１勝ｸﾗｽ,37.5,中団,9,,46.0,47.0,10,21,金沢,D,1500,,,,,,,良,2,3,加賀粟,----,逃げ,12,+,,,7,27,中京,D,1800,,,,,,,良,9,8,１勝ｸﾗｽ・牝,41.5,逃げ,10,+,41.4,48.8,5,20,金沢,D,1500,,,,,,,良,1,7,加賀九,----,先行,8,,,,3,23,中京,T,1400,,,,,,,良,13,18,未勝利,36.8,中団,17,+,45.4,46.6
2026,02,08,小倉,3,１勝ｸﾗｽ,４歳以上・１勝クラス/500万下(定量)(混)[指定],ダート,1000,良(暫定),14,"Lv2 ",8,,13,,,,,,,エコロレオナ,,牝,4,11,11,24,福島,D,1150,,,,,,,良,13,3,１勝ｸﾗｽ,37.6,中団,12,+,45.5,45.7,8,30,札幌,D,1000,,,,,,,重,6,4,１勝ｸﾗｽ,35.2,先行,3,,51.0,50.3,8,9,札幌,D,1000,,,,,,,重,4,2,１勝ｸﾗｽ,35.9,先行,2,,46.9,46.2,7,27,札幌,D,1000,,,,,,,不,2,3,１勝ｸﾗｽ,34.6,先行,3,,51.9,49.7,7,6,函館,D,1000,,,,,,,稍,3,5,１勝ｸﾗｽ,35.4,差し,3,,49.6,45.6
2026,02,08,小倉,3,１勝ｸﾗｽ,４歳以上・１勝クラス/500万下(定量)(混)[指定],ダート,1000,良(暫定),14,"Lv2 ",8,B,14,,,,,,,オコジュ,,牝,6,2,1,25,小倉,D,1000,,,,,,,良,4,12,１勝ｸﾗｽ,35.9,先行,11,+,49.4,46.1,11,8,福島,D,1150,,,,,,,良,10,12,１勝ｸﾗｽ・牝,37.9,先行,7,,41.5,41.8,9,21,中山,D,1200,,,,,,,良,10,10,１勝ｸﾗｽ,38.7,先行,連,=,37.1,39.5,9,15,中山,D,1200,,,,,,,良,6,10,１勝ｸﾗｽ,38.4,先行,4,,38.3,41.4,8,17,新潟,D,1200,,,,,,,良,14,8,１勝ｸﾗｽ,40.0,先行,4,,35.5,40.6
2026,02,08,小倉,4,障害未勝利,障害４歳以上・未勝利(定量),障害,2860,良(暫定),12,,1,,1,,,,,,,タガノバルコス,,牡,7,4,1,12,中山,S,2880,,,,,,,良,3,3,障害未勝利,13.6,差し,4,,,,12,14,中山,S,2880,,,,,,,稍,4,5,障害未勝利,13.8,先行,14,+,,,9,6,中山,S,2880,,,,,,,稍,5,6,障害未勝利,13.8,後方,17,+,,,5,11,新潟,S,2890,,,,,,,稍,10,3,障害未勝利,13.7,後方,7,,,,3,22,阪神,T,2600,,,,,,,良,7,8,２勝ｸﾗｽ,35.1,後方,4,,56.6,56.8
2026,02,08,小倉,4,障害未勝利,障害４歳以上・未勝利(定量),障害,2860,良(暫定),12,,2,,2,,,,,,,バラジ,,セ,7,4,1,11,京都,S,2910,,,,,,,良,3,1,障害未勝利,13.9,差し,10,+,,,11,1,京都,S,2910,,,,,,,稍,止,1,障害未勝利,----,,12,+,,,8,9,新潟,T,1800,○,06,◎,08,,,良,7,6,関越ＳＨ,32.7,中団,4,,63.3,62.4,7,13,福島,T,2000,★,01,×,00,,,良,11,5,七夕賞ＨG3,37.2,中団,9,,48.0,50.6,5,11,東京,T,2400,◇,,◇,,,,良,7,1,メトロポ(L),35.0,中団,4,,54.1,53.4
2026,02,08,小倉,4,障害未勝利,障害４歳以上・未勝利(定量),障害,2860,良(暫定),12,,3,,3,,,,,,,アドアプローズ,,牡,5,8,12,14,中山,S,2880,,,△,00,,,稍,13,10,障害未勝利,14.5,後方,3,,,,11,24,福島,D,1150,,,,,,,良,7,16,１勝ｸﾗｽ,36.0,後方,5,,52.1,45.7,10,21,金沢,D,1500,,,,,,,良,3,5,加賀粟,----,差し,17,+,,,6,21,東京,D,1600,,,,,,,良,12,15,１勝ｸﾗｽ,36.7,後方,7,,51.0,46.6,5,3,東京,D,1400,,,,,,,重,9,14,１勝ｸﾗｽ,36.1,後方,7,,52.0,52.2
2026,02,08,小倉,4,障害未勝利,障害４歳以上・未勝利(定量),障害,2860,良(暫定),12,,4,,4,,,,,,,フォルガイル,,牡,5,2,1,25,小倉,S,2860,,,,,,,良,3,3,障害未勝利,13.4,先行,9,,,,11,22,福島,S,2770,,,,,,,良,4,4,障害未勝利,13.2,先行,2,,,,11,9,福島,S,2750,,,,,,,良,4,5,障害未勝利,13.4,先行,17,+,,,7,13,小倉,S,2860,,,,,,,良,6,4,障害未勝利,13.8,中団,2,,,,6,29,小倉,S,2860,,,,,,,良,3,10,障害未勝利,13.4,先行,5,,,
2026,02,08,小倉,4,障害未勝利,障害４歳以上・未勝利(定量),障害,2860,良(暫定),12,,5,,5,,,,,,,ダスク,,牡,6,15,10,26,東京,S,3000,,,◎,04,,,稍,6,8,障害未勝利,13.8,後方,4,,,,9,27,中山,S,2880,,,◎,04,,,良,6,6,障害未勝利,13.8,後方,18,+,,,5,24,新潟,S,2890,,,○,07,,,良,11,7,障害未勝利,13.8,後方,20,+,,,1,5,中山,D,1800,,,◎,17,08,,良,16,14,招福Ｓ･3勝,39.7,後方,4,,45.8,48.5,12,8,京都,D,1900,,,,,,,良,5,7,ブエナビ･3勝,38.6,中団,7,,47.3,51.0
2026,02,08,小倉,4,障害未勝利,障害４歳以上・未勝利(定量),障害,2860,良(暫定),12,,5,,6,,,,,,,アポロプラネット,,牡,7,12,11,16,福島,S,2750,,,,,,,良,6,8,障害未勝利,13.5,中団,23,+,,,6,8,東京,D,1400,,,,,,,良,14,16,八王子特･2勝,37.0,中団,5,,47.7,47.5,5,3,京都,D,1200,×,01,×,05,,,稍,12,14,２勝ｸﾗｽ,35.7,後方,4,,52.5,47.5,4,6,中山,D,1200,,,,,,,稍,8,13,２勝ｸﾗｽ,36.1,中団,2,,51.9,49.7,3,22,中山,D,1200,,,,,,,稍,13,11,２勝ｸﾗｽ,36.1,後方,9,,51.1,42.5
2026,02,08,小倉,4,障害未勝利,障害４歳以上・未勝利(定量),障害,2860,良(暫定),12,,6,,7,,,,,,,バルサムノート,,牡,6,14,11,2,京都,T,1600,,,,,,,良,13,13,まほろＨ(L),35.2,先行,3,,49.2,50.9,10,13,京都,T,1400,,,,,,,良,16,18,スワンＳG2,35.0,先行,9,,46.6,49.0,8,10,中京,T,1200,,,,,,,良,16,11,ＣＢＣ賞ＨG3,33.3,後方,8,,54.8,51.8,6,15,東京,T,1400,×,00,,,,,稍,8,2,パラダＨ(L),36.1,中団,6,,47.4,46.6,5,3,東京,T,1400,▲,01,,,,,良,8,9,京王杯スG2,34.1,先行,5,,49.4,51.9
2026,02,08,小倉,4,障害未勝利,障害４歳以上・未勝利(定量),障害,2860,良(暫定),12,,6,,8,,,,,,,ブランフォルテ,,牡,4,25,8,16,新潟,T,2400,×,00,,,,,良,9,14,未勝利,35.9,中団,3,,53.5,53.0,7,27,新潟,D,1800,,,,,,,良,14,7,未勝利,42.7,中団,7,,38.3,44.8,6,8,東京,T,1800,★,02,,,,,良,9,6,未勝利,34.8,後方,2,,56.2,53.9,5,24,東京,T,2000,▲,02,,,,,良,5,6,未勝利,35.7,先行,8,,52.3,55.4,3,30,中山,T,2200,△,04,×,06,,,稍,6,14,未勝利,37.4,中団,初,,48.8,47.8
2026,02,08,小倉,4,障害未勝利,障害４歳以上・未勝利(定量),障害,2860,良(暫定),12,,7,,9,,,,,,,ボエーム,,牡,5,6,12,28,阪神,S,2970,,,▲,00,,,良,止,3,障害未勝利,----,,8,,,,11,2,京都,S,2910,,,,,,,良,3,10,障害未勝利,14.0,逃げ,3,,,,10,13,東京,S,3000,,,,,,,良,13,13,障害未勝利,14.0,後方,3,,,,9,21,中山,D,1200,,,,,,,良,16,12,１勝ｸﾗｽ,40.0,中団,3,,35.0,39.5,8,30,新潟,D,1200,▲,02,▲,00,,,良,8,10,１勝ｸﾗｽ,37.6,中団,10,+,44.1,42.5
2026,02,08,小倉,4,障害未勝利,障害４歳以上・未勝利(定量),障害,2860,良(暫定),12,,7,,10,,,,,,,パーセルペーパー,,牡,5,6,12,28,阪神,S,2970,,,,,,,良,11,9,障害未勝利,14.1,中団,6,,,,11,16,東京,T,2000,,,,,,,良,6,12,１勝ｸﾗｽ,35.1,先行,4,,54.0,55.0,10,19,東京,T,1800,,,,,,,良,7,10,１勝ｸﾗｽ,33.7,中団,2,,58.3,55.7,10,5,東京,T,1800,,,,,,,良,8,10,１勝ｸﾗｽ,34.7,先行,3,,53.7,56.4,9,13,中山,T,2000,,,,,,,稍,6,10,１勝ｸﾗｽ,34.1,先行,3,,59.1,58.9
2026,02,08,小倉,4,障害未勝利,障害４歳以上・未勝利(定量),障害,2860,良(暫定),12,,8,,11,,,,,,,ヴォンヌヴォー,,牝,6,6,12,28,阪神,S,2970,,,◎,03,,,良,6,8,障害未勝利,13.9,中団,4,,,,11,29,京都,S,2910,,,◎,05,,,良,7,7,障害未勝利,14.0,中団,9,,,,9,28,阪神,S,2970,,,◎,02,,,良,6,10,障害未勝利,13.9,中団,3,,,,9,7,中山,S,2880,,,△,01,,,良,11,12,障害未勝利,14.1,後方,18,+,,,5,4,新潟,T,1400,,,,,,,良,10,11,１勝ｸﾗｽ,36.4,逃げ,連,=,46.6,48.3
2026,02,08,小倉,4,障害未勝利,障害４歳以上・未勝利(定量),障害,2860,良(暫定),12,,8,,12,,,,,,,ディベルティスマン,,牡,4,9,12,7,中山,S,2880,,,◎,01,,,良,5,6,障害未勝利,14.0,中団,14,+,,,8,30,新潟,T,1800,△,03,○,17,,,良,10,1,未勝利,34.7,中団,4,,56.1,54.0,8,3,新潟,T,2000,▲,03,▲,17,,,良,4,2,未勝利,35.5,先行,10,+,53.2,53.3,5,24,東京,D,2100,▲,01,○,11,,,良,8,1,未勝利,38.9,中団,4,,47.6,47.7,4,27,福島,T,2000,▲,06,◎,17,12,,良,3,1,未勝利,35.4,差し,6,,52.4,51.0
2026,02,08,小倉,5,新馬,３歳・新馬(馬齢)(混)[指定],芝,2000,良(暫定),10,"Lv1 ",1,,1,,,,,,,カフジマリボー,,牡,3,初,,,,,,,,,,,,,,,,,,,,,,,,,,,,,,,,,,,,,,,,,,,,,,,,,,,,,,,,,,,,,,,,,,,,,,,,,,,,,,,,,,,,,,,,,,,,,,,,,,,,,,,,,
2026,02,08,小倉,5,新馬,３歳・新馬(馬齢)(混)[指定],芝,2000,良(暫定),10,"Lv1 ",2,,2,,,,,,,ラルス,,牡,3,初,,,,,,,,,,,,,,,,,,,,,,,,,,,,,,,,,,,,,,,,,,,,,,,,,,,,,,,,,,,,,,,,,,,,,,,,,,,,,,,,,,,,,,,,,,,,,,,,,,,,,,,,,
2026,02,08,小倉,5,新馬,３歳・新馬(馬齢)(混)[指定],芝,2000,良(暫定),10,"Lv1 ",3,,3,,,,,,,マテンロウプリンス,,牡,3,初,,,,,,,,,,,,,,,,,,,,,,,,,,,,,,,,,,,,,,,,,,,,,,,,,,,,,,,,,,,,,,,,,,,,,,,,,,,,,,,,,,,,,,,,,,,,,,,,,,,,,,,,,
2026,02,08,小倉,5,新馬,３歳・新馬(馬齢)(混)[指定],芝,2000,良(暫定),10,"Lv1 ",4,,4,,,,,,,オモイヲノセテ,,牝,3,初,,,,,,,,,,,,,,,,,,,,,,,,,,,,,,,,,,,,,,,,,,,,,,,,,,,,,,,,,,,,,,,,,,,,,,,,,,,,,,,,,,,,,,,,,,,,,,,,,,,,,,,,,
2026,02,08,小倉,5,新馬,３歳・新馬(馬齢)(混)[指定],芝,2000,良(暫定),10,"Lv1 ",5,,5,,,,,,,レットフィールマン,,牝,3,初,,,,,,,,,,,,,,,,,,,,,,,,,,,,,,,,,,,,,,,,,,,,,,,,,,,,,,,,,,,,,,,,,,,,,,,,,,,,,,,,,,,,,,,,,,,,,,,,,,,,,,,,,
2026,02,08,小倉,5,新馬,３歳・新馬(馬齢)(混)[指定],芝,2000,良(暫定),10,"Lv1 ",6,,6,,,,,,,マーゴットショット,,牡,3,初,,,,,,,,,,,,,,,,,,,,,,,,,,,,,,,,,,,,,,,,,,,,,,,,,,,,,,,,,,,,,,,,,,,,,,,,,,,,,,,,,,,,,,,,,,,,,,,,,,,,,,,,,
2026,02,08,小倉,5,新馬,３歳・新馬(馬齢)(混)[指定],芝,2000,良(暫定),10,"Lv1 ",7,,7,,,,,,,メイショウハクレイ,,牡,3,初,,,,,,,,,,,,,,,,,,,,,,,,,,,,,,,,,,,,,,,,,,,,,,,,,,,,,,,,,,,,,,,,,,,,,,,,,,,,,,,,,,,,,,,,,,,,,,,,,,,,,,,,,
2026,02,08,小倉,5,新馬,３歳・新馬(馬齢)(混)[指定],芝,2000,良(暫定),10,"Lv1 ",7,,8,,,,,,,ハナコトバ,,牝,3,初,,,,,,,,,,,,,,,,,,,,,,,,,,,,,,,,,,,,,,,,,,,,,,,,,,,,,,,,,,,,,,,,,,,,,,,,,,,,,,,,,,,,,,,,,,,,,,,,,,,,,,,,,
2026,02,08,小倉,5,新馬,３歳・新馬(馬齢)(混)[指定],芝,2000,良(暫定),10,"Lv1 ",8,,9,,,,,,,エイシンウィスパー,,牝,3,初,,,,,,,,,,,,,,,,,,,,,,,,,,,,,,,,,,,,,,,,,,,,,,,,,,,,,,,,,,,,,,,,,,,,,,,,,,,,,,,,,,,,,,,,,,,,,,,,,,,,,,,,,
2026,02,08,小倉,5,新馬,３歳・新馬(馬齢)(混)[指定],芝,2000,良(暫定),10,"Lv1 ",8,,10,,,,,,,アンジュドジョワ,,牝,3,初,,,,,,,,,,,,,,,,,,,,,,,,,,,,,,,,,,,,,,,,,,,,,,,,,,,,,,,,,,,,,,,,,,,,,,,,,,,,,,,,,,,,,,,,,,,,,,,,,,,,,,,,,
2026,02,08,小倉,6,未勝利,３歳・未勝利(馬齢)(混)[指定],芝,1800,良(暫定),16,"Lv4 ",1,,1,,,,,,,ベルトナリテ,,牝,3,10,11,30,京都,T,1800,,,▲,12,,,良,7,4,未勝利*,35.8,後方,9,,50.4,49.4,9,27,阪神,T,1600,▲,03,★,06,,,良,8,6,新馬・牝,34.3,後方,初,,56.9,51.7,,,,,,,,,,,,,,,,,,,,,,,,,,,,,,,,,,,,,,,,,,,,,,,,,,,,,,,,,,,,,,,
2026,02,08,小倉,6,未勝利,３歳・未勝利(馬齢)(混)[指定],芝,1800,良(暫定),16,"Lv4 ",1,,2,,,,,,,チェンドル,,牝,3,3,1,21,笠松,D,1400,,,,,,,良,3,3,中津川,----,先行,8,,,,11,23,東京,T,1800,,,,,,,良,18,16,未勝利・牝*,35.6,中団,2,,53.4,54.5,11,8,福島,T,1800,,,,,,,良,10,10,未勝利*,36.2,後方,14,+,51.0,48.2,8,2,札幌,T,1800,,,,,,,良,4,2,未勝利*,36.6,逃げ,2,,51.6,53.9,7,19,函館,T,1800,,,,,,,良,3,5,未勝利*,36.0,逃げ,3,,52.4,54.4
2026,02,08,小倉,6,未勝利,３歳・未勝利(馬齢)(混)[指定],芝,1800,良(暫定),16,"Lv4 ",2,,3,,,,,,,ムスクレスト,,牡,3,5,1,4,京都,D,1400,,,,,,,良,6,7,未勝利,37.4,中団,3,,49.7,45.0,12,13,中京,T,1600,,,,,,,良,4,2,未勝利*,34.2,追込,4,,56.5,51.7,11,16,京都,T,1600,,,,,,,良,3,5,未勝利*,35.5,差し,22,+,49.7,48.7,6,15,阪神,T,1800,,,,,,,重,5,6,新馬,34.2,後方,初,,61.3,60.7,,,,,,,,,,,,,,,,,,,,,
2026,02,08,小倉,6,未勝利,３歳・未勝利(馬齢)(混)[指定],芝,1800,良(暫定),16,"Lv4 ",2,,4,,,,,,,アスコットダンス,,牝,3,7,12,20,阪神,T,1600,,,△,04,,,良,11,16,未勝利*,34.3,後方,2,,56.0,53.7,12,6,中京,D,1400,,,★,06,,,良,12,7,未勝利・牝*,39.1,後方,14,+,44.2,43.2,8,30,札幌,T,1500,◎,13,△,06,,,稍,3,4,未勝利・牝*,36.3,先行,3,,53.0,53.5,8,10,札幌,T,1500,◎,17,▲,07,,,良,5,7,新馬・牝,35.2,後方,初,,56.8,53.9,,,,,,,,,,,,,,,,,,,,,
2026,02,08,小倉,6,未勝利,３歳・未勝利(馬齢)(混)[指定],芝,1800,良(暫定),16,"Lv4 ",3,,5,,,,,,,レジェルテ,,牡,3,6,12,28,阪神,T,1600,,,,,,,良,16,13,新馬,36.5,先行,初,,50.1,55.0,,,,,,,,,,,,,,,,,,,,,,,,,,,,,,,,,,,,,,,,,,,,,,,,,,,,,,,,,,,,,,,,,,,,,,,,,,,,,,,,,,,,
2026,02,08,小倉,6,未勝利,３歳・未勝利(馬齢)(混)[指定],芝,1800,良(暫定),16,"Lv4 ",3,,6,,,,,,,ナムラライラック,,牝,3,7,12,21,阪神,T,1800,,,,,,,稍,14,18,未勝利・牝*,36.3,中団,7,,50.1,52.3,11,1,京都,T,1800,,,,,,,稍,7,8,未勝利*,35.6,先行,4,,55.9,59.9,10,4,京都,T,2000,,,,,,,稍,7,6,未勝利*,35.7,後方,3,,57.4,60.3,9,13,阪神,D,1200,,,,,,,良,7,8,未勝利*,38.3,後方,9,,47.4,48.1,7,12,小倉,T,1200,,,,,,,良,9,7,未勝利*,37.4,後方,2,,39.6,44.3
2026,02,08,小倉,6,未勝利,３歳・未勝利(馬齢)(混)[指定],芝,1800,良(暫定),16,"Lv4 ",4,,7,,,,,,,ショウナンライラ,,牡,3,12,11,15,東京,D,1600,,,○,05,,,良,11,8,未勝利*,39.7,中団,14,+,44.8,46.6,8,9,新潟,T,1200,,,,,,,良,17,2,新馬,35.9,後方,初,,56.4,48.3,,,,,,,,,,,,,,,,,,,,,,,,,,,,,,,,,,,,,,,,,,,,,,,,,,,,,,,,,,,,,,,
2026,02,08,小倉,6,未勝利,３歳・未勝利(馬齢)(混)[指定],芝,1800,良(暫定),16,"Lv4 ",4,,8,,,,,,,セリエンクーニゲン,,牝,3,9,12,7,中京,T,1400,,,,,,,良,9,2,新馬,34.4,中団,初,,55.1,54.4,,,,,,,,,,,,,,,,,,,,,,,,,,,,,,,,,,,,,,,,,,,,,,,,,,,,,,,,,,,,,,,,,,,,,,,,,,,,,,,,,,,,
2026,02,08,小倉,6,未勝利,３歳・未勝利(馬齢)(混)[指定],芝,1800,良(暫定),16,"Lv4 ",5,,9,,,,,,,タマリスペクト,,牡,3,4,1,11,中山,D,1200,,,★,04,,,良,12,14,未勝利,39.2,中団,5,,43.6,44.0,12,6,中山,D,1200,,,▲,02,,,良,13,14,未勝利*,38.6,後方,14,+,45.9,44.1,8,30,新潟,D,1800,,,,,,,良,14,12,未勝利*,42.0,後方,6,,44.3,48.7,7,19,福島,T,1200,★,01,,,,,良,14,13,新馬,36.9,後方,初,,50.5,47.5,,,,,,,,,,,,,,,,,,,,,
2026,02,08,小倉,6,未勝利,３歳・未勝利(馬齢)(混)[指定],芝,1800,良(暫定),16,"Lv4 ",5,,10,,,,,,,パーシャングレー,,牡,3,6,12,27,阪神,T,1600,,,◇,,,,良,3,4,未勝利*,34.6,追込,4,,53.0,49.0,11,29,京都,T,1600,,,◇,,,,良,5,2,未勝利*,35.2,中団,5,,51.9,51.2,10,26,京都,T,1600,○,03,▲,01,,,稍,3,3,未勝利*,36.3,追込,6,,47.4,44.1,9,13,阪神,T,1200,,,,,,,良,10,1,新馬,37.1,中団,初,,46.2,48.3,,,,,,,,,,,,,,,,,,,,,
2026,02,08,小倉,6,未勝利,３歳・未勝利(馬齢)(混)[指定],芝,1800,良(暫定),16,"Lv4 ",6,,11,,,,,,,ギオンバヤシ,,牡,3,4,1,11,京都,T,1800,,,×,02,,,良,7,10,未勝利,34.5,中団,3,,59.7,56.4,12,21,阪神,T,1800,,,,,,,重,5,10,新馬,33.9,中団,初,,60.6,58.8,,,,,,,,,,,,,,,,,,,,,,,,,,,,,,,,,,,,,,,,,,,,,,,,,,,,,,,,,,,,,,,
2026,02,08,小倉,6,未勝利,３歳・未勝利(馬齢)(混)[指定],芝,1800,良(暫定),16,"Lv4 ",6,,12,,,,,,,ミュークトーマス,,牡,3,4,1,11,中山,T,2200,,,★,02,,,良,16,17,未勝利,37.4,後方,5,,49.2,51.5,12,6,中山,T,1600,,,▲,02,,,良,13,13,未勝利*,34.6,後方,22,+,58.6,57.4,7,6,福島,T,1200,,,,,,,良,10,10,新馬,37.3,中団,初,,47.9,50.6,,,,,,,,,,,,,,,,,,,,,,,,,,,,,,,,,,,,,,,,,,
2026,02,08,小倉,6,未勝利,３歳・未勝利(馬齢)(混)[指定],芝,1800,良(暫定),16,"Lv4 ",7,,13,,,,,,,ナムラオリガミ,,牝,3,15,10,25,京都,T,1400,,,,,,,良,6,11,未勝利・牝*,35.6,中団,2,,47.5,47.2,10,13,京都,T,1600,,,,,,,良,7,10,未勝利・牝*,34.9,中団,13,+,53.3,53.1,7,12,小倉,T,1800,,,,,,,良,6,12,新馬・牝,38.2,先行,初,,47.1,51.0,,,,,,,,,,,,,,,,,,,,,,,,,,,,,,,,,,,,,,,,,,
2026,02,08,小倉,6,未勝利,３歳・未勝利(馬齢)(混)[指定],芝,1800,良(暫定),16,"Lv4 ",7,,14,,,,,,,オックスアイ,,牡,3,3,1,18,京都,T,1600,,,,,,,良,7,7,未勝利,36.5,中団,3,,45.7,43.3,12,28,阪神,T,1600,,,,,,,良,3,4,新馬,34.4,差し,初,,56.6,55.0,,,,,,,,,,,,,,,,,,,,,,,,,,,,,,,,,,,,,,,,,,,,,,,,,,,,,,,,,,,,,,,
2026,02,08,小倉,6,未勝利,３歳・未勝利(馬齢)(混)[指定],芝,1800,良(暫定),16,"Lv4 ",8,,15,,,,,,,ハイラブエナン,,牝,3,4,1,11,京都,D,1800,,,,,,,良,15,15,新馬・牝,41.5,後方,初,,43.1,43.6,,,,,,,,,,,,,,,,,,,,,,,,,,,,,,,,,,,,,,,,,,,,,,,,,,,,,,,,,,,,,,,,,,,,,,,,,,,,,,,,,,,,
2026,02,08,小倉,6,未勝利,３歳・未勝利(馬齢)(混)[指定],芝,1800,良(暫定),16,"Lv4 ",8,,16,,,,,,,チッタデラモーレ,,牡,3,7,12,21,中山,D,1200,,,▲,00,,,不,13,11,未勝利*,38.6,中団,3,,41.5,43.8,11,29,東京,T,1400,,,,,,,良,13,18,未勝利*,34.4,後方,5,,56.0,52.1,10,25,東京,T,1800,,,,,,,良,8,8,未勝利*,36.7,先行,5,,51.0,55.1,9,21,中山,D,1800,×,01,★,04,,,稍,14,10,新馬,42.8,後方,初,,40.5,49.5,,,,,,,,,,,,,,,,,,,,,
2026,02,08,小倉,7,１勝ｸﾗｽ・牝,４歳以上・１勝クラス/500万下(定量)(牝)[指定],ダート,1700,良(暫定),15,"Lv4 ",1,,1,,,,,,,パーリーラスター,,牝,4,2,1,25,小倉,T,1200,,,,,,,良,15,15,八幡特別･1勝,33.9,後方,14,+,51.8,45.1,10,18,東京,T,1400,△,00,,,,,良,15,17,１勝ｸﾗｽ,34.0,後方,9,,55.7,52.2,8,17,札幌,T,1500,×,00,,,,,稍,14,14,１勝ｸﾗｽ・牝,37.1,後方,7,,48.8,51.7,6,28,函館,T,1800,▲,02,▲,07,,,稍,13,12,１勝ｸﾗｽ,36.8,後方,8,,48.1,49.6,5,3,東京,T,1400,,,,,,,良,9,4,１勝ｸﾗｽ*,34.1,先行,8,,56.0,57.9
2026,02,08,小倉,7,１勝ｸﾗｽ・牝,４歳以上・１勝クラス/500万下(定量)(牝)[指定],ダート,1700,良(暫定),15,"Lv4 ",2,B,2,,,,,,,ハッピービバーク,,牝,4,2,1,25,小倉,D,1000,,,◎,17,11,,良,14,8,１勝ｸﾗｽ,38.3,後方,10,+,44.8,46.1,11,15,東京,D,1400,,,,,,,良,16,11,１勝ｸﾗｽ,40.5,中団,2,,40.4,47.6,11,1,東京,D,1400,,,△,04,,,重,11,12,１勝ｸﾗｽ・牝,37.6,後方,21,+,45.7,44.4,6,8,東京,D,1400,,,,,,,良,14,12,１勝ｸﾗｽ,38.9,中団,11,+,42.0,46.0,3,23,中山,D,1200,△,00,▲,08,,,良,8,10,１勝ｸﾗｽ*,37.3,後方,13,+,44.4,40.4
2026,02,08,小倉,7,１勝ｸﾗｽ・牝,４歳以上・１勝クラス/500万下(定量)(牝)[指定],ダート,1700,良(暫定),15,"Lv4 ",2,,3,,,,,,,ミラクルキャッツ,,牝,6,7,12,21,中山,D,1800,,,×,07,,,重,5,10,１勝ｸﾗｽ,37.9,中団,17,+,47.8,47.2,8,24,新潟,D,1800,,,,,,,良,5,3,１勝ｸﾗｽ・牝,38.1,中団,4,,48.6,47.3,7,27,新潟,D,1800,,,,,,,良,3,7,１勝ｸﾗｽ,37.6,先行,15,+,52.5,51.5,4,12,福島,D,1700,★,00,×,02,,,良,6,4,１勝ｸﾗｽ・牝,39.6,中団,11,+,44.8,44.3,1,25,中山,D,1800,,,,,,,良,7,4,１勝ｸﾗｽ,37.9,後方,3,,53.0,49.5
2026,02,08,小倉,7,１勝ｸﾗｽ・牝,４歳以上・１勝クラス/500万下(定量)(牝)[指定],ダート,1700,良(暫定),15,"Lv4 ",3,,4,,,,,,,ヴァイオパイシーズ,,牝,4,連,2,1,小倉,D,1700,,,▲,09,,,良,14,13,１勝ｸﾗｽ・牝,39.6,中団,15,+,44.9,47.8,10,19,新潟,D,1800,,,,,,,重,15,13,１勝ｸﾗｽ・若,43.7,後方,13,+,37.2,48.3,7,19,福島,D,1700,,,,,,,良,1,3,未勝利・牝,39.1,先行,20,+,44.9,44.9,3,2,中山,D,1800,,,,,,,良,5,4,未勝利・牝,39.9,中団,7,,46.7,47.1,1,13,中山,D,1800,,,,,,,良,3,6,未勝利・牝,41.5,先行,5,,41.3,44.4
2026,02,08,小倉,7,１勝ｸﾗｽ・牝,４歳以上・１勝クラス/500万下(定量)(牝)[指定],ダート,1700,良(暫定),15,"Lv4 ",3,,5,,,,,,,ピリカサンライズ,,牝,4,11,11,24,福島,T,2000,,,,,,,良,13,9,１勝ｸﾗｽ,35.3,中団,16,+,54.8,55.2,8,2,札幌,D,1700,,,,,,,良,11,9,１勝ｸﾗｽ,39.8,中団,3,,42.9,46.3,7,13,函館,T,1800,○,03,○,05,,,良,12,7,１勝ｸﾗｽ・牝,34.6,後方,3,,55.9,48.9,6,22,函館,T,2000,,,△,07,,,重,5,4,遊楽部特･1勝,35.6,中団,9,,54.9,54.7,4,19,福島,T,2000,▲,05,★,09,,,良,4,9,ひめさゆ･1勝,35.4,追込,10,+,51.9,49.0
2026,02,08,小倉,7,１勝ｸﾗｽ・牝,４歳以上・１勝クラス/500万下(定量)(牝)[指定],ダート,1700,良(暫定),15,"Lv4 ",4,,6,,,,,,,ノーマジック,,牝,5,連,1,31,小倉,S,2860,,,,,,,良,消,--,障害未勝利,----,,10,+,,,11,24,福島,T,2600,,,,,,,良,14,16,磐梯山特･1勝,35.8,後方,10,+,55.0,55.0,9,15,中山,T,2500,,,,,,,良,11,14,１勝ｸﾗｽ,37.6,中団,10,+,48.4,54.1,7,6,福島,S,2750,,,○,00,,,良,13,13,障害未勝利,14.1,後方,22,+,,,2,2,東京,D,2100,,,,,,,稍,14,14,１勝ｸﾗｽ,39.7,後方,23,+,48.0,46.4
2026,02,08,小倉,7,１勝ｸﾗｽ・牝,４歳以上・１勝クラス/500万下(定量)(牝)[指定],ダート,1700,良(暫定),15,"Lv4 ",4,B,7,,,,,,,ウィンターガーデン,,牝,5,11,11,22,京都,D,1800,,,×,03,,,良,10,9,１勝ｸﾗｽ・牝,37.7,後方,10,+,51.9,51.3,9,15,阪神,D,1800,★,01,★,01,,,良,9,5,１勝ｸﾗｽ・牝,39.0,中団,2,,48.5,51.2,8,30,中京,D,1800,▲,03,★,02,,,良,4,4,１勝ｸﾗｽ・牝,36.8,追込,9,,56.2,53.0,6,28,小倉,D,1700,★,03,×,05,,,良,8,5,１勝ｸﾗｽ・牝,37.1,後方,9,,52.0,48.3,4,27,京都,D,1800,▲,04,▲,12,,,良,4,2,１勝ｸﾗｽ,38.6,先行,10,+,47.5,47.0
2026,02,08,小倉,7,１勝ｸﾗｽ・牝,４歳以上・１勝クラス/500万下(定量)(牝)[指定],ダート,1700,良(暫定),15,"Lv4 ",5,B,8,,,,,,,ハギノコラソン,,牝,4,3,1,17,京都,D,1800,,,△,01,,,良,3,3,１勝ｸﾗｽ,37.7,差し,2,,51.2,52.4,1,4,京都,D,1800,,,△,01,,,良,2,2,１勝ｸﾗｽ・牝,37.2,追込,4,,53.2,52.1,12,6,阪神,D,1800,,,,,,,良,4,4,１勝ｸﾗｽ,38.0,先行,6,,50.0,49.9,10,26,京都,D,1800,,,,,,,重,3,3,１勝ｸﾗｽ・牝,36.3,先行,2,,55.0,54.4,10,13,京都,D,1800,,,★,02,,,良,6,1,１勝ｸﾗｽ・牝,38.9,中団,3,,46.7,49.6
2026,02,08,小倉,7,１勝ｸﾗｽ・牝,４歳以上・１勝クラス/500万下(定量)(牝)[指定],ダート,1700,良(暫定),15,"Lv4 ",5,,9,,,,,,,ヴェレノージ,,牝,6,連,2,1,小倉,D,1000,,,,,,,良,14,13,１勝ｸﾗｽ,36.0,後方,16,+,51.2,44.6,10,13,東京,D,1300,,,,,,,良,16,14,１勝ｸﾗｽ,39.2,後方,12,+,45.6,47.8,7,17,園田,D, 820,,,,,,,不,1,5,Ｃ３一,----,先行,3,,,,6,27,園田,D,1230,,,,,,,稍,9,7,クチナ,----,中団,2,,,,6,13,園田,D, 820,,,,,,,稍,9,4,今成亮,----,中団,5,,,
2026,02,08,小倉,7,１勝ｸﾗｽ・牝,４歳以上・１勝クラス/500万下(定量)(牝)[指定],ダート,1700,良(暫定),15,"Lv4 ",6,,10,,,,,,,プルーヴンウィナー,,牝,5,2,1,24,小倉,D,2400,,,,,,,良,6,4,１勝ｸﾗｽ,39.2,後方,10,+,50.7,53.4,11,15,福島,D,2400,,,▲,16,,,良,8,15,１勝ｸﾗｽ,41.6,逃げ,3,,42.0,45.5,10,25,新潟,D,1800,,,▲,07,,,良,13,8,１勝ｸﾗｽ,40.6,中団,28,+,42.6,48.3,4,12,阪神,D,1800,○,02,◎,17,02,,良,5,3,１勝ｸﾗｽ・牝,38.6,逃げ,16,+,50.8,51.8,12,21,京都,D,1800,,,,,,,良,6,10,１勝ｸﾗｽ・牝,38.4,中団,18,+,49.1,47.5
2026,02,08,小倉,7,１勝ｸﾗｽ・牝,４歳以上・１勝クラス/500万下(定量)(牝)[指定],ダート,1700,良(暫定),15,"Lv4 ",6,,11,,,,,,,ブライティアブーケ,,牝,4,連,1,31,小倉,T,1200,,,,,,,良,13,11,１勝ｸﾗｽ,35.3,先行,11,+,44.6,46.2,11,16,福島,T,1200,,,,,,,良,12,11,１勝ｸﾗｽ,36.5,先行,6,,42.1,44.4,10,4,京都,T,1200,,,×,02,,,重,11,8,１勝ｸﾗｽ,35.5,先行,4,,43.5,42.6,9,7,阪神,T,1200,,,△,00,,,良,4,5,１勝ｸﾗｽ,35.4,逃げ,16,+,45.2,47.1,5,18,京都,T,1200,▲,07,▲,11,,,稍,1,6,未勝利,35.2,逃げ,3,,47.2,47.2
2026,02,08,小倉,7,１勝ｸﾗｽ・牝,４歳以上・１勝クラス/500万下(定量)(牝)[指定],ダート,1700,良(暫定),15,"Lv4 ",7,,12,,,,,,,アロマフェリス,,牝,4,8,12,14,阪神,D,1800,,,,,,,良,2,3,１勝ｸﾗｽ・牝,38.0,先行,14,+,50.9,49.6,9,6,札幌,T,2000,,,,,,,良,4,1,未勝利,36.6,ﾏｸﾘ,連,=,50.7,49.3,8,31,札幌,T,2000,×,00,,,,,稍,2,1,未勝利,36.8,差し,4,,50.3,46.7,8,2,札幌,T,2000,,,,,,,良,3,4,未勝利,36.0,先行,4,,49.9,49.8,7,5,函館,T,2000,,,,,,,重,3,6,未勝利・牝,36.9,先行,8,,49.2,49.2
2026,02,08,小倉,7,１勝ｸﾗｽ・牝,４歳以上・１勝クラス/500万下(定量)(牝)[指定],ダート,1700,良(暫定),15,"Lv4 ",7,B,13,,,,,,,ノーブルアクト,,牝,6,連,2,1,小倉,D,1700,,,,,,,良,5,4,１勝ｸﾗｽ・牝,37.7,中団,10,+,50.6,47.8,11,24,福島,D,1700,,,,,,,良,10,7,１勝ｸﾗｽ・牝,39.1,後方,2,,45.8,44.4,11,9,福島,D,1700,,,,,,,良,5,5,１勝ｸﾗｽ・若,37.8,中団,11,+,49.4,48.4,8,24,新潟,D,1800,,,,,,,良,3,5,１勝ｸﾗｽ・牝,38.0,差し,3,,48.7,47.3,8,2,新潟,D,1800,,,,,,,良,4,8,１勝ｸﾗｽ,38.3,差し,5,,48.6,48.5
2026,02,08,小倉,7,１勝ｸﾗｽ・牝,４歳以上・１勝クラス/500万下(定量)(牝)[指定],ダート,1700,良(暫定),15,"Lv4 ",8,,14,,,,,,,ラテライト,,牝,4,8,12,14,阪神,D,1800,,,○,04,,,良,5,7,１勝ｸﾗｽ・牝,37.8,中団,連,=,52.4,49.6,12,6,中京,D,1800,,,×,05,,,良,6,13,１勝ｸﾗｽ・牝,37.7,後方,3,,52.0,47.9,11,15,福島,D,2400,,,,,,,良,13,12,１勝ｸﾗｽ,41.5,後方,9,,43.3,45.5,9,14,阪神,D,1800,,,,,,,良,3,2,未勝利,39.0,差し,連,=,46.8,47.5,9,6,阪神,D,1800,,,,,,,重,3,2,未勝利,38.3,追込,3,,50.0,45.8
2026,02,08,小倉,7,１勝ｸﾗｽ・牝,４歳以上・１勝クラス/500万下(定量)(牝)[指定],ダート,1700,良(暫定),15,"Lv4 ",8,B,15,,,,,,,ココボロ,,牝,5,19,9,27,中山,D,1800,,,,,,,良,11,16,１勝ｸﾗｽ・牝,38.4,後方,3,,51.3,51.9,9,6,中山,D,1800,,,,,,,稍,7,7,１勝ｸﾗｽ・牝,38.9,後方,4,,48.5,52.4,8,9,新潟,D,1800,,,,,,,良,9,12,１勝ｸﾗｽ・牝,39.6,中団,36,+,45.5,46.5,12,3,金沢,D,1400,,,,,,,重,1,1,能登半,----,先行,3,,,,11,12,金沢,D,1500,,,,,,,良,1,1,サラ系,----,逃げ,2,,,
2026,02,08,小倉,8,１勝ｸﾗｽ・若,４歳以上・１勝クラス/500万下(定量)(若手),芝,1800,良(暫定),16,"Lv5 ",1,,1,,,,,,,スタードメイソン,Ｂ,牝,4,23,8,30,札幌,T,2000,,,,,,,稍,1,13,未勝利,37.1,差し,5,,50.3,44.0,7,27,札幌,D,1700,,,,,,,不,11,11,未勝利・牝,40.6,中団,7,,40.4,42.6,6,8,阪神,T,1800,△,01,★,04,,,良,11,8,未勝利・牝,34.6,中団,初,,55.9,53.0,,,,,,,,,,,,,,,,,,,,,,,,,,,,,,,,,,,,,,,,,,
2026,02,08,小倉,8,１勝ｸﾗｽ・若,４歳以上・１勝クラス/500万下(定量)(若手),芝,1800,良(暫定),16,"Lv5 ",1,,2,,,,,,,モズイージス,,牡,5,10,11,30,高知,D,1600,,,,,,,良,1,2,広島県,----,逃げ,2,,,,11,16,高知,D,1300,,,,,,,稍,9,3,中津渓,----,後方,2,,,,11,2,高知,D,1400,,,,,,,重,1,1,Ｃ１－,----,先行,4,,,,10,4,高知,D,1600,,,,,,,重,1,2,スポー,----,先行,2,,,,9,21,高知,D,1300,,,,,,,稍,2,1,Ｃ２－,----,逃げ,2,,,
2026,02,08,小倉,8,１勝ｸﾗｽ・若,４歳以上・１勝クラス/500万下(定量)(若手),芝,1800,良(暫定),16,"Lv5 ",2,,3,,,,,,,エアビッグマム,Ｄ,牝,4,9,12,6,中京,T,2000,,,◎,14,,,良,3,6,１勝ｸﾗｽ,34.3,先行,6,,56.3,55.8,10,26,新潟,T,1800,○,03,◎,14,,,稍,2,5,１勝ｸﾗｽ・牝,34.6,先行,2,,58.1,55.7,10,11,京都,T,1800,,,,,,,良,5,5,１勝ｸﾗｽ・牝,34.7,中団,4,,51.4,50.7,9,13,阪神,T,1800,,,,,,,良,2,10,未勝利,34.5,差し,2,,52.9,50.6,8,31,中京,T,2000,▲,02,○,13,,,良,5,3,未勝利,34.8,中団,3,,54.7,54.2
2026,02,08,小倉,8,１勝ｸﾗｽ・若,４歳以上・１勝クラス/500万下(定量)(若手),芝,1800,良(暫定),16,"Lv5 ",2,,4,,,,,,,アストラッド,,牝,5,2,1,25,小倉,T,1800,,,△,05,,,良,10,15,１勝ｸﾗｽ・牝,37.7,先行,18,+,42.7,45.6,9,21,中山,T,1200,◎,05,○,13,,,良,14,11,１勝ｸﾗｽ,33.6,後方,8,,56.0,48.8,7,27,新潟,T,1400,◎,04,◎,06,,,良,12,11,１勝ｸﾗｽ・牝,35.1,中団,6,,48.7,48.0,6,14,東京,T,1400,◎,05,○,10,,,良,14,12,１勝ｸﾗｽ,35.4,先行,14,+,50.4,50.5,3,8,中山,T,1600,△,03,◎,12,,,良,8,7,１勝ｸﾗｽ,36.3,先行,14,+,47.0,46.9
2026,02,08,小倉,8,１勝ｸﾗｽ・若,４歳以上・１勝クラス/500万下(定量)(若手),芝,1800,良(暫定),16,"Lv5 ",3,,5,,,,,,,サイモンイロハニー,Ｄ,牝,4,3,1,18,京都,T,2400,,,◎,08,,,良,10,11,１勝ｸﾗｽ,36.4,後方,10,+,52.4,52.4,11,8,京都,T,2000,▲,02,△,09,,,良,12,13,１勝ｸﾗｽ,34.3,後方,3,,59.7,57.8,10,18,京都,T,2000,○,02,○,08,,,良,4,7,１勝ｸﾗｽ,35.1,追込,3,,54.4,50.8,9,27,阪神,T,2200,△,01,△,07,,,良,14,14,１勝ｸﾗｽ,35.1,後方,3,,56.3,54.8,9,6,札幌,T,2000,,,▲,13,,,良,8,13,未勝利,36.7,後方,連,=,51.2,49.3
2026,02,08,小倉,8,１勝ｸﾗｽ・若,４歳以上・１勝クラス/500万下(定量)(若手),芝,1800,良(暫定),16,"Lv5 ",3,,6,,,,,,,シャインバオバブ,,牡,4,8,12,14,中京,T,1600,,,×,00,,,稍,12,7,１勝ｸﾗｽ,34.4,後方,7,,58.0,54.4,10,25,新潟,T,1800,,,,,,,良,4,9,１勝ｸﾗｽ・若,33.5,追込,2,,59.6,57.7,10,12,京都,T,2400,×,00,,,,,良,9,10,１勝ｸﾗｽ,34.1,中団,2,,60.3,59.8,9,27,阪神,T,2200,,,,,,,良,7,9,１勝ｸﾗｽ,35.0,中団,4,,56.0,54.8,8,31,札幌,T,2600,△,00,,,,,稍,9,9,北辰特別･1勝,37.9,中団,4,,50.2,52.0
2026,02,08,小倉,8,１勝ｸﾗｽ・若,４歳以上・１勝クラス/500万下(定量)(若手),芝,1800,良(暫定),16,"Lv5 ",4,,7,,,,,,,スピアッジャローザ,,牝,4,10,11,29,東京,T,2400,,,,,,,良,12,4,１勝ｸﾗｽ,35.6,後方,5,,52.9,49.9,10,25,新潟,T,1800,,,,,,,良,3,5,１勝ｸﾗｽ・若,33.2,追込,連,=,60.8,57.7,10,18,新潟,T,1800,×,00,▲,06,,,良,4,12,１勝ｸﾗｽ,33.0,追込,5,,60.9,55.8,9,14,中山,T,2000,,,×,03,,,良,9,9,未勝利,35.2,中団,2,,53.0,52.1,8,30,新潟,T,1800,×,00,△,07,,,良,2,12,未勝利,33.4,追込,3,,60.9,54.0
2026,02,08,小倉,8,１勝ｸﾗｽ・若,４歳以上・１勝クラス/500万下(定量)(若手),芝,1800,良(暫定),16,"Lv5 ",4,,8,,,,,,,ロジウムエポック,,牡,6,11,11,24,福島,T,2000,,,,,,,良,11,13,１勝ｸﾗｽ,34.8,後方,3,,56.8,55.2,11,1,東京,T,1800,,,,,,,良,13,13,１勝ｸﾗｽ,35.9,中団,24,+,48.3,47.9,5,18,新潟,T,1800,,,,,,,良,4,9,１勝ｸﾗｽ・若,34.9,差し,4,,56.3,54.7,4,19,中山,T,2000,,,,,,,良,13,14,１勝ｸﾗｽ,34.8,中団,2,,54.7,55.9,4,6,中山,T,1800,,,,,,,良,7,10,１勝ｸﾗｽ,34.8,中団,2,,57.3,54.7
2026,02,08,小倉,8,１勝ｸﾗｽ・若,４歳以上・１勝クラス/500万下(定量)(若手),芝,1800,良(暫定),16,"Lv5 ",5,,9,,,,,,,ドゥラルーナ,,牝,4,9,12,7,中京,T,1400,,,,,,,良,16,13,１勝ｸﾗｽ,34.8,先行,6,,50.0,50.3,10,25,金沢,D,1400,,,,,,,良,1,1,頑張ろ,----,逃げ,3,,,,10,6,金沢,D,1500,,,,,,,重,1,2,サラ系,----,逃げ,4,,,,9,6,阪神,T,1600,,,,,,,良,14,15,未勝利,34.7,後方,8,,52.2,50.1,7,13,小倉,T,1200,,,,,,,良,12,4,未勝利・牝,35.2,後方,2,,48.6,44.4
2026,02,08,小倉,8,１勝ｸﾗｽ・若,４歳以上・１勝クラス/500万下(定量)(若手),芝,1800,良(暫定),16,"Lv5 ",5,,10,,,,,,,ラッキーダンス,,牝,4,11,11,22,京都,T,2000,,,△,07,,,良,13,14,２勝ｸﾗｽ,36.3,中団,2,,50.8,55.2,11,9,福島,T,1800,,,,,,,良,9,14,二本松特･1勝,36.8,先行,8,,47.6,47.9,9,13,中山,T,2000,,,,,,,稍,5,12,１勝ｸﾗｽ,34.4,逃げ,3,,57.8,58.9,8,23,新潟,T,1800,,,,,,,良,7,12,未勝利・牝,35.4,先行,5,,51.8,55.6,7,22,盛岡,T,1700,,,,,,,良,2,3,オニキ,----,先行,4,,,
2026,02,08,小倉,8,１勝ｸﾗｽ・若,４歳以上・１勝クラス/500万下(定量)(若手),芝,1800,良(暫定),16,"Lv5 ",6,,11,,,,,,,クイーンズワーフ,,牝,5,7,12,21,中京,T,1600,,,×,02,,,稍,7,6,１勝ｸﾗｽ・牝,35.5,中団,2,,53.3,51.5,12,6,中京,T,1600,,,▲,02,,,良,2,12,１勝ｸﾗｽ,34.5,逃げ,6,,52.1,52.7,10,26,新潟,T,1600,,,★,03,,,稍,12,7,柏崎特別･1勝,36.5,先行,3,,48.5,51.6,10,5,東京,T,1800,,,,,,,良,7,6,１勝ｸﾗｽ,34.3,先行,9,,55.4,56.4,8,2,新潟,T,1600,,,,,,,良,6,10,五頭連峰･1勝,33.6,先行,3,,56.4,57.5
2026,02,08,小倉,8,１勝ｸﾗｽ・若,４歳以上・１勝クラス/500万下(定量)(若手),芝,1800,良(暫定),16,"Lv5 ",6,,12,,,,,,,マイネルアウルム,,牡,4,2,1,25,小倉,T,2000,,,,,,,良,2,4,１勝ｸﾗｽ,33.9,先行,8,,58.8,57.1,11,29,東京,T,2400,,,,,,,良,7,9,１勝ｸﾗｽ,34.9,後方,2,,54.6,49.9,11,15,福島,T,2600,,,,,,,良,4,6,１勝ｸﾗｽ,36.9,ﾏｸﾘ,9,,50.8,49.2,9,14,中山,T,2000,×,01,×,04,,,良,4,3,未勝利,34.8,差し,3,,53.8,52.1,8,24,新潟,T,2000,★,00,○,02,,,良,3,2,未勝利,34.6,差し,3,,57.8,55.1
2026,02,08,小倉,8,１勝ｸﾗｽ・若,４歳以上・１勝クラス/500万下(定量)(若手),芝,1800,良(暫定),16,"Lv5 ",7,,13,,,,,,,グランセゾン,,牝,4,2,1,25,小倉,T,1800,,,×,02,,,良,6,3,１勝ｸﾗｽ・牝,36.6,先行,14,+,45.9,45.6,10,18,新潟,T,2200,,,,,,,良,4,1,岩船特別･1勝,35.7,差し,3,,52.2,50.1,9,27,中山,T,2200,▲,00,◎,07,,,良,3,4,１勝ｸﾗｽ,34.4,先行,5,,57.3,56.5,8,23,札幌,T,2000,,,×,04,,,稍,1,3,未勝利,35.8,先行,3,,53.7,52.1,8,2,札幌,T,2000,,,★,05,,,良,5,5,未勝利,35.5,ﾏｸﾘ,8,,52.1,49.8
2026,02,08,小倉,8,１勝ｸﾗｽ・若,４歳以上・１勝クラス/500万下(定量)(若手),芝,1800,良(暫定),16,"Lv5 ",7,,14,,,,,,,フォルテフィオーレ,,牡,5,連,2,1,小倉,T,1800,,,,,,,良,2,9,１勝ｸﾗｽ・若,33.7,差し,11,+,57.1,53.9,11,16,福島,T,2000,,,○,13,,,良,6,3,１勝ｸﾗｽ,34.7,中団,5,,57.6,54.6,10,13,東京,T,1600,◎,06,▲,07,,,良,11,10,１勝ｸﾗｽ,34.2,先行,7,,54.2,54.3,8,23,札幌,T,1500,,,,,,,稍,7,4,１勝ｸﾗｽ,36.5,中団,6,,47.4,45.3,7,13,函館,D,1700,◎,08,△,05,,,良,10,3,１勝ｸﾗｽ,38.6,後方,2,,47.4,49.0
2026,02,08,小倉,8,１勝ｸﾗｽ・若,４歳以上・１勝クラス/500万下(定量)(若手),芝,1800,良(暫定),16,"Lv5 ",8,,15,,,,,,,ヴォラヴィア,,牡,4,連,1,31,京都,T,1600,,,,,,,良,11,15,１勝ｸﾗｽ,35.6,逃げ,15,+,49.9,52.2,10,18,新潟,T,1800,,,,,,,良,15,15,１勝ｸﾗｽ,35.6,逃げ,2,,50.7,55.8,10,5,京都,T,2000,,,,,,,稍,11,7,１勝ｸﾗｽ,36.9,逃げ,2,,48.8,54.2,9,20,中山,T,2000,,,×,02,,,良,5,11,１勝ｸﾗｽ,35.2,先行,8,,54.3,54.7,7,27,中京,T,2000,,,,,,,良,7,6,御在所特･1勝,36.6,先行,2,,48.9,53.5
2026,02,08,小倉,8,１勝ｸﾗｽ・若,４歳以上・１勝クラス/500万下(定量)(若手),芝,1800,良(暫定),16,"Lv5 ",8,,16,,,,,,,キタノクニカラ,,牝,4,8,12,14,中京,T,1600,,,○,09,,,稍,11,13,１勝ｸﾗｽ,34.4,後方,3,,58.0,54.4,11,22,福島,T,1800,,,▲,05,,,良,11,13,高湯温泉･1勝,34.6,中団,13,+,57.8,56.3,8,23,札幌,T,1500,,,★,04,,,稍,8,8,１勝ｸﾗｽ,36.3,中団,5,,48.3,45.3,7,19,函館,T,1200,×,01,★,04,,,良,10,8,１勝ｸﾗｽ・牝,34.2,後方,3,,52.6,48.3,6,29,函館,T,1200,★,00,×,05,,,良,3,6,１勝ｸﾗｽ・牝,34.4,差し,2,,51.2,45.2
2026,02,08,小倉,9,かささぎ･1勝,３歳・１勝クラス/500万下(馬齢)(混)(特指),芝,1200,良(暫定),15,"Lv3 ",1,,1,,,,,,,フィオラーノ,,牡,3,32,6,28,函館,T,1200,,,,,,,稍,1,3,新馬,35.5,先行,初,,47.5,46.4,,,,,,,,,,,,,,,,,,,,,,,,,,,,,,,,,,,,,,,,,,,,,,,,,,,,,,,,,,,,,,,,,,,,,,,,,,,,,,,,,,,,
2026,02,08,小倉,9,かささぎ･1勝,３歳・１勝クラス/500万下(馬齢)(混)(特指),芝,1200,良(暫定),15,"Lv3 ",2,,2,,,,,,,ミトノリン,,牝,3,2,1,25,小倉,T,1200,,,,,,,良,1,3,未勝利,33.8,先行,4,,51.2,47.7,12,28,阪神,T,1400,,,,,,,良,3,13,未勝利*,34.9,差し,連,=,50.1,47.0,12,21,中京,T,1400,,,,,,,稍,11,11,未勝利*,35.3,中団,8,,50.7,50.5,10,26,京都,T,1600,,,,,,,稍,7,6,未勝利*,38.0,先行,2,,41.9,44.1,10,13,京都,T,1400,,,,,,,良,4,9,未勝利*,35.6,差し,2,,46.5,43.5
2026,02,08,小倉,9,かささぎ･1勝,３歳・１勝クラス/500万下(馬齢)(混)(特指),芝,1200,良(暫定),15,"Lv3 ",2,,3,,,,,,,カイショー,,牝,3,2,1,24,小倉,T,1200,,,,,,,良,2,2,萌黄賞･1勝*,34.4,先行,7,,47.4,46.2,12,6,阪神,T,1200,,,,,,,良,3,3,さざんか･1勝,33.9,先行,9,,55.0,53.8,10,4,京都,T,1400,,,,,,,重,8,2,りんどう･1勝,35.3,中団,11,+,50.9,51.1,7,20,函館,T,1200,,,,,,,良,3,2,函館２歳G3,34.2,先行,5,,51.8,50.6,6,14,函館,T,1000,,,,,,,良,1,1,新馬,33.9,逃げ,初,,49.6,49.6
2026,02,08,小倉,9,かささぎ･1勝,３歳・１勝クラス/500万下(馬齢)(混)(特指),芝,1200,良(暫定),15,"Lv3 ",3,B,4,,,,,,,ネネキリマル,,牡,3,6,12,27,阪神,T,1400,,,,,,,良,9,8,万両賞･1勝*,34.4,後方,7,,53.6,52.8,11,8,東京,T,1400,,,,,,,良,11,7,京王杯２G2,34.4,先行,4,,53.8,55.0,10,13,京都,T,1400,○,08,○,13,,,良,1,10,未勝利*,35.2,先行,8,,47.4,43.5,8,16,中京,T,1200,,,△,02,,,良,10,6,新馬,39.9,後方,初,,49.7,50.0,,,,,,,,,,,,,,,,,,,,,
2026,02,08,小倉,9,かささぎ･1勝,３歳・１勝クラス/500万下(馬齢)(混)(特指),芝,1200,良(暫定),15,"Lv3 ",3,,5,,,,,,,ジャスパールビー,,牝,3,9,12,6,阪神,T,1200,,,,,,,良,7,5,さざんか･1勝,35.6,先行,2,,49.4,53.8,11,24,福島,T,1200,,,,,,,良,1,3,未勝利*,34.9,逃げ,2,,47.7,47.7,11,8,京都,T,1400,,,,,,,良,2,14,未勝利*,34.6,逃げ,5,,51.0,51.9,10,4,京都,D,1400,,,,,,,重,16,9,新馬,43.8,後方,初,,33.4,45.2,,,,,,,,,,,,,,,,,,,,,
2026,02,08,小倉,9,かささぎ･1勝,３歳・１勝クラス/500万下(馬齢)(混)(特指),芝,1200,良(暫定),15,"Lv3 ",4,,6,,,,,,,ワタシイノッテマス,,牡,3,連,1,29,名古,D,1500,,,,,,,良,3,7,桃色梅,----,差し,2,,,,1,15,名古,D,1700,,,,,,,良,5,8,新春ペ,----,後方,2,,,,1,4,名古,D,1700,,,,,,,良,7,9,松竹特,----,後方,2,,,,12,23,名古,D,1400,,,,,,,稍,5,10,初翔特,----,先行,4,,,,11,21,名古,D,1500,,,,,,,良,7,10,２歳特,----,後方,3,,,
2026,02,08,小倉,9,かささぎ･1勝,３歳・１勝クラス/500万下(馬齢)(混)(特指),芝,1200,良(暫定),15,"Lv3 ",4,,7,,,,,,,ラスベガスサイン,Ｃ,牝,3,8,12,13,中京,T,1400,,,,,,,良,6,6,つわぶき･1勝,34.8,先行,14,+,48.5,46.2,9,6,札幌,T,1200,,,,,,,良,1,2,未勝利*,35.0,逃げ,連,=,49.1,49.1,8,31,札幌,T,1200,,,,,,,稍,2,3,未勝利*,36.0,先行,2,,47.2,45.9,8,16,札幌,T,1200,▲,00,▲,00,,,良,3,1,新馬,36.4,先行,初,,44.8,45.0,,,,,,,,,,,,,,,,,,,,,
2026,02,08,小倉,9,かささぎ･1勝,３歳・１勝クラス/500万下(馬齢)(混)(特指),芝,1200,良(暫定),15,"Lv3 ",5,B,8,,,,,,,ハネマン,,牝,3,連,2,1,小倉,T,1200,,,,,,,良,18,9,未勝利,36.6,中団,10,+,42.9,48.2,11,24,福島,T,1200,,,,,,,良,14,11,未勝利*,34.5,後方,2,,53.8,47.7,11,9,福島,T,1200,,,,,,,良,4,9,未勝利*,34.9,追込,10,+,50.3,46.0,8,31,札幌,T,1200,,,,,,,稍,7,4,未勝利*,35.9,後方,9,,50.3,45.9,6,28,函館,T,1200,,,,,,,稍,3,6,新馬,35.2,差し,初,,49.7,46.4
2026,02,08,小倉,9,かささぎ･1勝,３歳・１勝クラス/500万下(馬齢)(混)(特指),芝,1200,良(暫定),15,"Lv3 ",5,,9,,,,,,,トップアタック,,牡,3,2,1,24,小倉,T,1200,,,,,,,良,6,1,萌黄賞･1勝*,35.2,先行,7,,44.3,46.2,12,6,阪神,T,1200,,,,,,,良,2,2,さざんか･1勝,33.9,逃げ,2,,53.8,53.8,11,22,京都,T,1200,,,,,,,良,1,2,未勝利*,35.0,逃げ,8,,46.0,46.0,9,27,阪神,T,1200,,,,,,,良,3,8,未勝利*,35.0,先行,2,,48.3,46.9,9,13,阪神,T,1200,,,,,,,良,2,6,新馬,35.4,逃げ,初,,48.3,48.3
2026,02,08,小倉,9,かささぎ･1勝,３歳・１勝クラス/500万下(馬齢)(混)(特指),芝,1200,良(暫定),15,"Lv3 ",6,,10,,,,,,,ドルチェミスト,,牝,3,2,1,24,小倉,T,1200,,,▲,03,,,良,4,8,萌黄賞･1勝*,34.1,差し,9,,49.7,46.2,11,22,京都,T,1400,,,▲,10,,,良,7,5,秋明菊賞･1勝,34.4,中団,13,+,53.1,52.8,8,23,札幌,T,1500,○,04,○,02,,,良,6,2,クローバ,38.4,先行,2,,42.4,45.8,8,10,札幌,T,1500,△,00,×,00,,,良,1,4,新馬・牝,35.4,先行,初,,54.9,53.9,,,,,,,,,,,,,,,,,,,,,
2026,02,08,小倉,9,かささぎ･1勝,３歳・１勝クラス/500万下(馬齢)(混)(特指),芝,1200,良(暫定),15,"Lv3 ",6,,11,,,,,,,クワイエットアイ,,牡,3,29,7,20,函館,T,1200,,,,,,,良,1,3,未勝利*,35.3,逃げ,2,,45.8,45.8,7,6,函館,T,1200,,,,,,,稍,3,2,未勝利*,35.1,差し,2,,50.9,45.0,6,22,函館,T,1200,,,,,,,重,2,3,新馬,35.8,先行,初,,46.9,45.8,,,,,,,,,,,,,,,,,,,,,,,,,,,,,,,,,,,,,,,,,,
2026,02,08,小倉,9,かささぎ･1勝,３歳・１勝クラス/500万下(馬齢)(混)(特指),芝,1200,良(暫定),15,"Lv3 ",7,,12,,,,,,,エンヴィーミー,,牝,3,12,11,16,福島,T,1200,,,,,,,良,14,9,福島２歳,35.8,後方,8,,45.8,44.4,9,20,中山,T,1200,,,,,,,良,11,4,カンナＳ,35.0,中団,3,,48.3,48.8,8,31,中京,T,1400,,,,,,,良,11,8,中京２歳G3,37.7,逃げ,9,,38.5,45.6,6,28,福島,T,1200,,,,,,,良,1,2,未勝利*,35.2,逃げ,2,,45.5,45.5,6,14,東京,T,1400,,,,,,,良,3,7,新馬,35.5,先行,初,,51.2,52.0
2026,02,08,小倉,9,かささぎ･1勝,３歳・１勝クラス/500万下(馬齢)(混)(特指),芝,1200,良(暫定),15,"Lv3 ",7,,13,,,,,,,ジュジュドール,,牝,3,2,1,24,小倉,T,1200,,,◎,06,,,良,8,9,萌黄賞･1勝*,34.6,中団,18,+,47.7,46.2,9,20,中山,T,1200,,,,,,,良,13,13,カンナＳ,34.7,後方,3,,50.9,48.8,8,31,中京,T,1400,,,△,01,,,良,12,9,中京２歳G3,37.5,先行,7,,39.6,45.6,7,13,小倉,T,1200,,,,,,,良,1,1,新馬,35.7,逃げ,初,,49.4,49.4,,,,,,,,,,,,,,,,,,,,,
2026,02,08,小倉,9,かささぎ･1勝,３歳・１勝クラス/500万下(馬齢)(混)(特指),芝,1200,良(暫定),15,"Lv3 ",8,,14,,,,,,,ポペット,,牝,3,3,1,17,中山,T,1600,,,,,,,良,7,1,菜の花賞･1勝,34.4,後方,8,,55.5,53.7,11,23,東京,T,1600,,,,,,,良,2,1,赤松賞･1勝*,32.9,追込,3,,61.2,56.2,11,1,京都,T,1400,,,,,,,良,6,5,ファンタG3,32.8,後方,8,,60.4,53.5,9,6,札幌,T,1800,,,,,,,良,9,5,札幌２歳G3,36.2,中団,5,,54.0,53.2,8,2,札幌,T,1500,◎,17,,,,,良,1,7,新馬,33.9,差し,初,,58.9,56.4
2026,02,08,小倉,9,かささぎ･1勝,３歳・１勝クラス/500万下(馬齢)(混)(特指),芝,1200,良(暫定),15,"Lv3 ",8,,15,,,,,,,クリエープキー,,牝,3,2,1,24,小倉,T,1200,,,△,02,,,良,5,4,萌黄賞･1勝*,34.6,先行,6,,46.8,46.2,12,13,中山,T,1200,,,○,03,,,良,8,5,黒松賞･1勝*,34.2,中団,4,,51.5,51.2,11,16,福島,T,1200,,,×,00,,,良,3,13,福島２歳,35.4,先行,8,,45.8,44.4,9,20,中山,T,1200,▲,02,▲,05,,,良,9,6,カンナＳ,34.9,中団,9,,48.6,48.8,7,20,福島,T,1200,▲,04,▲,10,,,良,1,2,未勝利*,35.5,先行,5,,50.0,48.9
2026,02,08,小倉,10,由布院特･2勝,４歳以上・２勝クラス/1000万下(定量)(混)(特指),ダート,1700,良(暫定),16,"Lv4 ",1,,1,,,,,,,メイショウソウセキ,,牡,4,24,8,24,中京,D,1800,,,,,,,良,15,10,大府特別･2勝,41.7,逃げ,2,,38.8,45.1,8,10,中京,D,1800,,,,,,,良,12,7,揖斐川特･2勝,41.2,先行,2,,41.1,50.1,7,26,中京,D,1800,,,,,,,良,1,9,１勝ｸﾗｽ,38.4,逃げ,15,+,47.8,47.8,4,12,阪神,D,1800,○,05,○,16,,,良,11,7,１勝ｸﾗｽ*,39.0,後方,2,,48.2,46.5,3,29,中京,D,1800,○,05,◎,15,,,稍,1,1,未勝利・若,38.5,先行,2,,47.7,46.9
2026,02,08,小倉,10,由布院特･2勝,４歳以上・２勝クラス/1000万下(定量)(混)(特指),ダート,1700,良(暫定),16,"Lv4 ",1,,2,,,,,,,ライフゲート,Ｃ,セ,4,2,1,25,小倉,D,1700,,,,,,,良,4,6,響灘特別･2勝,36.6,差し,7,,53.4,51.8,12,6,中山,D,1800,,,,,,,良,7,4,鹿島特別･2勝,39.0,逃げ,3,,45.8,47.0,11,15,福島,D,1700,,,,,,,良,5,3,西郷特Ｈ･2勝,37.9,先行,14,+,49.2,51.2,8,10,札幌,D,1700,×,02,×,02,,,良,3,3,ＦビレＨ･2勝,38.4,先行,3,,44.9,46.6,7,19,函館,D,1700,★,02,×,01,,,良,1,1,１勝ｸﾗｽ,37.4,先行,3,,49.6,49.6
2026,02,08,小倉,10,由布院特･2勝,４歳以上・２勝クラス/1000万下(定量)(混)(特指),ダート,1700,良(暫定),16,"Lv4 ",2,,3,,,,,,,タイヨウフレア,,牝,4,3,1,18,中山,D,1800,,,◎,15,,,良,9,12,２勝ｸﾗｽ・牝,39.6,中団,9,,45.8,46.0,11,15,東京,D,1600,,,○,17,,,良,10,9,三浦特別･2勝,36.9,中団,3,,50.0,49.1,10,26,東京,D,1600,△,01,○,17,01,,不,8,4,三鷹特別･2勝,35.2,後方,8,,54.3,51.0,8,31,札幌,D,1700,○,03,△,10,,,稍,1,5,１勝ｸﾗｽ・牝,36.1,差し,3,,54.3,43.6,8,10,札幌,D,1700,○,03,○,16,,,稍,3,7,１勝ｸﾗｽ,37.4,ﾏｸﾘ,4,,51.2,51.2
2026,02,08,小倉,10,由布院特･2勝,４歳以上・２勝クラス/1000万下(定量)(混)(特指),ダート,1700,良(暫定),16,"Lv4 ",2,,4,,,,,,,マルカブリッツ,,牡,6,12,11,16,京都,D,1800,,,,,,,良,12,6,２勝ｸﾗｽ,39.0,中団,10,+,44.4,45.8,9,6,阪神,D,1800,○,04,,,,,稍,5,3,出石特別･2勝,37.4,先行,3,,51.3,52.9,8,16,新潟,D,1800,,,,,,,良,3,6,瀬波温泉･2勝,37.6,先行,5,,50.5,51.8,7,12,福島,T,2600,,,,,,,良,5,4,信夫山特･2勝,36.8,先行,8,,53.7,54.5,5,18,京都,T,2400,,,,,,,稍,6,4,白川特別･2勝,36.5,逃げ,19,+,50.2,54.2
2026,02,08,小倉,10,由布院特･2勝,４歳以上・２勝クラス/1000万下(定量)(混)(特指),ダート,1700,良(暫定),16,"Lv4 ",3,,5,,,,,,,キングロコマイカイ,,牡,7,2,1,25,小倉,D,1700,,,,,,,良,11,16,響灘特別･2勝,37.3,後方,79,+,51.8,51.8,7,20,札幌,T,2000,,,,,,,良,10,11,釧路湿原･2勝,36.1,中団,12,+,50.3,46.4,4,28,新潟,D,1800,,,,,,,良,12,7,五泉特別･2勝,37.3,後方,18,+,54.0,53.5,12,24,阪神,D,1800,,,,,,,良,10,12,クリスマ･2勝,38.7,後方,11,+,48.3,47.0,10,8,京都,T,2200,,,,,,,良,8,8,清滝特別･2勝,34.8,中団,3,,55.8,53.5
2026,02,08,小倉,10,由布院特･2勝,４歳以上・２勝クラス/1000万下(定量)(混)(特指),ダート,1700,良(暫定),16,"Lv4 ",3,,6,,,,,,,ギマール,,牡,5,2,1,25,小倉,D,1700,,,★,05,,,良,2,8,響灘特別･2勝,36.3,差し,7,,54.4,51.8,12,7,阪神,D,1800,,,★,13,,,良,6,5,豊中特別･2勝,38.1,中団,3,,47.6,43.7,11,15,福島,D,1700,,,△,10,,,良,4,7,西郷特Ｈ･2勝,37.5,先行,19,+,50.7,51.2,7,5,小倉,D,1700,×,02,★,09,,,良,3,3,ターフオ･2勝,37.5,先行,5,,51.4,51.8,6,1,京都,D,1800,○,05,△,11,,,良,6,5,與杼特別･2勝,38.1,中団,12,+,47.4,46.0
2026,02,08,小倉,10,由布院特･2勝,４歳以上・２勝クラス/1000万下(定量)(混)(特指),ダート,1700,良(暫定),16,"Lv4 ",4,,7,,,,,,,グレイスオブゴッド,,牝,6,13,11,9,福島,D,1700,▲,08,,,,,良,6,13,河北新報･2勝,37.1,中団,11,+,51.4,47.7,8,24,札幌,D,1700,,,,,,,良,8,12,WASJ第３･2勝,37.4,中団,3,,51.5,49.3,8,2,札幌,D,1700,,,,,,,良,8,13,大倉山特･2勝,37.5,中団,5,,50.2,50.9,6,29,函館,D,1700,★,02,,,,,良,4,5,渡島特別･2勝,38.2,追込,連,=,47.8,47.4,6,22,函館,D,1700,◎,07,×,06,,,重,9,12,檜山特別･2勝,37.0,中団,4,,50.5,49.2
2026,02,08,小倉,10,由布院特･2勝,４歳以上・２勝クラス/1000万下(定量)(混)(特指),ダート,1700,良(暫定),16,"Lv4 ",4,,8,,,,,,,パフ,,牡,5,2,1,25,小倉,D,1700,,,,,,,良,3,3,響灘特別･2勝,36.9,先行,11,+,52.0,51.8,11,9,福島,D,1700,,,,,,,良,3,6,河北新報･2勝,37.9,先行,13,+,47.6,47.7,8,10,札幌,D,1700,★,02,★,02,,,良,9,2,ＦビレＨ･2勝,38.8,中団,5,,44.3,46.6,7,5,函館,D,1700,,,×,04,,,重,7,3,竜飛崎特･2勝,38.1,先行,2,,44.2,45.8,6,22,函館,D,1700,,,×,04,,,重,3,2,檜山特別･2勝,37.1,差し,8,,49.2,49.2
2026,02,08,小倉,10,由布院特･2勝,４歳以上・２勝クラス/1000万下(定量)(混)(特指),ダート,1700,良(暫定),16,"Lv4 ",5,,9,,,,,,,ポッドフォルク,,牡,4,8,12,13,中京,D,1800,,,×,04,,,良,4,1,鳴海特別･2勝,37.3,逃げ,4,,52.3,53.1,11,16,京都,D,1800,,,★,10,,,良,2,4,２勝ｸﾗｽ,38.1,逃げ,4,,45.5,45.8,10,19,京都,D,1800,×,01,×,10,,,良,6,7,聚楽第特･2勝,38.4,先行,2,,46.0,48.3,10,5,京都,D,1800,○,03,◎,14,,,重,1,9,１勝ｸﾗｽ,36.7,逃げ,23,+,52.7,52.7,4,26,京都,D,1800,◎,04,○,14,,,良,8,12,１勝ｸﾗｽ*,38.6,後方,2,,47.7,47.1
2026,02,08,小倉,10,由布院特･2勝,４歳以上・２勝クラス/1000万下(定量)(混)(特指),ダート,1700,良(暫定),16,"Lv4 ",5,,10,,,,,,,ディアウス,Ｃ,牡,4,25,8,17,札幌,D,1700,◎,06,◎,17,17,03,稍,1,1,１勝ｸﾗｽ,37.4,先行,3,,48.9,47.7,7,26,札幌,D,1700,○,08,◎,17,17,08,良,1,1,未勝利,38.5,逃げ,9,,45.1,45.1,5,25,京都,D,1400,★,07,◎,17,16,,不,3,1,未勝利,36.6,先行,3,,46.3,46.4,5,3,京都,D,1400,△,08,◎,17,17,04,重,3,1,未勝利,36.4,差し,3,,48.3,45.8,4,12,阪神,D,1400,○,09,◎,17,17,01,良,2,6,未勝利,37.4,差し,10,+,46.3,42.3
2026,02,08,小倉,10,由布院特･2勝,４歳以上・２勝クラス/1000万下(定量)(混)(特指),ダート,1700,良(暫定),16,"Lv4 ",6,B,11,,,,,,,サンキャメロン,,牝,5,12,11,15,福島,D,1700,,,,,,,良,7,14,西郷特Ｈ･2勝,38.3,中団,14,+,48.4,51.2,8,10,札幌,D,1700,▲,05,,,,,良,8,11,ＦビレＨ･2勝,38.3,中団,2,,46.0,46.6,7,27,札幌,D,1700,▲,02,,,,,不,1,6,１勝ｸﾗｽ・牝,37.5,追込,7,,46.9,44.5,6,7,東京,D,1600,,,,,,,良,7,12,１勝ｸﾗｽ・牝,36.8,中団,3,,49.1,47.6,5,17,東京,D,1600,,,,,,,不,5,8,１勝ｸﾗｽ・牝,37.6,先行,23,+,44.9,45.7
2026,02,08,小倉,10,由布院特･2勝,４歳以上・２勝クラス/1000万下(定量)(混)(特指),ダート,1700,良(暫定),16,"Lv4 ",6,B,12,,,,,,,タイセイミッション,Ｃ,セ,5,8,12,13,中京,D,1800,,,★,09,,,良,7,5,鳴海特別･2勝,37.5,先行,4,,51.9,53.1,11,15,福島,D,1700,,,○,16,,,良,2,2,西郷特Ｈ･2勝,37.2,先行,7,,50.9,51.2,9,28,中山,D,1800,△,02,▲,11,,,良,8,1,２勝ｸﾗｽ,38.4,中団,4,,48.6,46.6,8,30,札幌,D,1700,○,06,◎,14,,,重,3,3,千歳特別･2勝,38.0,逃げ,3,,43.7,44.7,8,10,札幌,D,1700,◎,07,○,15,,,良,2,5,ＦビレＨ･2勝,38.3,先行,3,,44.8,46.6
2026,02,08,小倉,10,由布院特･2勝,４歳以上・２勝クラス/1000万下(定量)(混)(特指),ダート,1700,良(暫定),16,"Lv4 ",7,,13,,,,,,,グランキングオー,Ｃ,牡,4,2,1,25,小倉,D,1700,,,×,04,,,良,13,7,響灘特別･2勝,38.2,先行,9,,48.7,51.8,11,23,京都,D,1800,,,○,17,14,,良,8,7,２勝ｸﾗｽ,37.3,逃げ,2,,52.0,55.4,11,9,福島,D,1700,,,×,08,,,良,15,4,河北新報･2勝,39.6,後方,7,,44.8,47.7,9,20,阪神,D,1800,,,★,08,,,良,8,2,２勝ｸﾗｽ,39.8,逃げ,2,,43.2,47.9,9,6,阪神,D,1800,,,△,12,,,稍,3,4,出石特別･2勝,37.4,逃げ,7,,50.7,52.9
2026,02,08,小倉,10,由布院特･2勝,４歳以上・２勝クラス/1000万下(定量)(混)(特指),ダート,1700,良(暫定),16,"Lv4 ",7,,14,,,,,,,サンライズシュガー,,牡,4,9,12,6,阪神,D,1800,,,★,06,,,良,1,11,１勝ｸﾗｽ,37.7,先行,12,+,50.7,49.9,9,14,阪神,D,2000,,,,,,,良,13,5,１勝ｸﾗｽ,43.7,後方,5,,36.3,47.3,8,10,中京,D,1900,,,,,,,良,10,1,１勝ｸﾗｽ,39.2,後方,14,+,49.0,49.5,5,3,京都,D,1900,★,01,▲,09,,,重,1,1,未勝利,37.3,先行,2,,52.1,50.9,4,19,阪神,T,2200,,,,,,,良,5,4,未勝利,36.5,先行,2,,51.0,53.3
2026,02,08,小倉,10,由布院特･2勝,４歳以上・２勝クラス/1000万下(定量)(混)(特指),ダート,1700,良(暫定),16,"Lv4 ",8,B,15,,,,,,,アストラカ,,セ,5,15,10,26,京都,D,1400,△,06,△,17,13,,重,9,14,嵯峨野Ｈ･2勝,36.5,後方,31,+,47.4,44.2,3,23,阪神,D,1400,◎,06,◎,17,09,,良,7,9,２勝ｸﾗｽ,37.4,後方,13,+,46.5,43.4,12,22,京都,D,1400,,,,,,,良,8,5,２勝ｸﾗｽ,37.9,先行,3,,45.4,45.3,12,1,京都,D,1400,,,,,,,良,6,5,２勝ｸﾗｽ,36.0,中団,2,,52.3,48.5,11,16,京都,D,1400,,,,,,,良,1,8,１勝ｸﾗｽ,37.6,先行,29,+,43.8,42.0
2026,02,08,小倉,10,由布院特･2勝,４歳以上・２勝クラス/1000万下(定量)(混)(特指),ダート,1700,良(暫定),16,"Lv4 ",8,,16,,,,,,,ヤマニンガラッシア,,牡,9,8,12,14,中山,T,1800,,,★,02,,,稍,7,9,霞ヶ浦特･2勝,36.0,中団,23,+,51.9,51.5,7,6,福島,T,1800,○,04,▲,05,,,良,8,5,白河特別･2勝,36.5,先行,10,+,49.6,46.2,4,26,東京,T,1800,◎,04,◎,05,,,良,4,6,石和特別･2勝,34.2,先行,2,,55.4,55.6,4,13,中山,T,2000,○,03,▲,05,,,良,3,6,鹿野山特･2勝,34.8,先行,6,,57.4,57.1,3,2,中山,T,1800,▲,03,▲,05,,,良,3,5,富里特別･2勝,34.1,先行,5,,59.5,58.6
2026,02,08,小倉,11,小倉日経,４歳以上・オープン(別定)(国際)(特指),芝,2000,良(暫定),12,"Lv2 ",1,B,1,,,,,,,コスモブッドレア,Ｃ,牡,5,7,12,21,中山,T,1800,,,○,08,,,重,14,10,ディセン(L),36.8,中団,5,,48.5,52.6,11,15,京都,T,2000,,,★,06,,,良,14,14,アンドロ(L),36.8,逃げ,31,+,47.6,52.3,4,13,福島,T,2000,○,04,○,16,,,良,13,2,福島民報(L),36.0,中団,7,,51.1,48.2,2,23,小倉,T,1800,○,10,▲,13,,,良,9,5,小倉大賞ＨG3,35.3,先行,4,,51.3,46.5,1,25,中山,T,2000,,,,,,,良,1,2,初富士Ｈ･3勝,35.6,逃げ,9,,52.4,52.4
2026,02,08,小倉,11,小倉日経,４歳以上・オープン(別定)(国際)(特指),芝,2000,良(暫定),12,"Lv2 ",2,,2,,,,,,,ヴィンセンシオ,,牡,4,8,12,13,中京,T,2000,,,▲,15,,,良,9,6,中日新聞ＨG3,34.5,先行,18,+,54.1,54.9,8,10,新潟,D,1800,◎,11,◎,17,,,不,7,1,レパードG3,37.0,中団,16,+,50.7,49.7,4,20,中山,T,2000,○,10,△,15,,,良,9,6,皐月賞G1,34.7,後方,6,,52.8,51.2,3,9,中山,T,2000,○,12,◎,16,,,稍,2,2,弥生賞G2,36.9,逃げ,14,+,48.0,46.9,11,30,中山,T,2000,,,,,,,良,1,3,葉牡丹賞･1勝,34.7,差し,13,+,53.9,51.4
2026,02,08,小倉,11,小倉日経,４歳以上・オープン(別定)(国際)(特指),芝,2000,良(暫定),12,"Lv2 ",3,,3,,,,,,,ザイツィンガー,,牡,10,11,11,22,京都,D,1900,,,,,,,良,10,16,シトリン,38.3,後方,12,+,47.0,47.7,8,30,中京,D,1800,,,,,,,良,15,13,名古屋城Ｈ,39.3,中団,8,,45.3,49.1,7,6,福島,D,1700,,,,,,,良,4,10,ジュライＨ,36.9,差し,3,,49.9,46.7,6,14,阪神,D,1800,,,,,,,重,7,12,三宮ＳＨ,37.9,後方,29,+,46.6,45.1,11,24,京都,D,1900,,,,,,,良,10,9,カノープＨ,38.2,中団,10,+,47.5,45.6
2026,02,08,小倉,11,小倉日経,４歳以上・オープン(別定)(国際)(特指),芝,2000,良(暫定),12,"Lv2 ",4,,4,,,,,,,バトルボーン,,牡,7,55,1,19,中京,T,2200,,,,,,,良,8,11,日経新春ＨG2,37.1,先行,37,+,45.1,42.6,5,4,東京,T,2400,,,,,,,良,1,1,メトロポ(L),34.1,逃げ,14,+,56.8,56.8,1,27,東京,T,2000,,,,,,,良,2,2,白富士Ｓ(L),33.9,先行,29,+,55.4,54.4,7,9,福島,T,2000,,,,,,,良,4,1,七夕賞ＨG3,35.3,逃げ,32,+,53.0,53.8,11,27,東京,T,2000,,,,,,,良,1,1,ウェルカ･3勝,34.5,先行,10,+,53.5,53.1
2026,02,08,小倉,11,小倉日経,４歳以上・オープン(別定)(国際)(特指),芝,2000,良(暫定),12,"Lv2 ",5,,5,,,,,,,キングノジョー,,牡,4,2,1,25,小倉,T,1800,,,○,12,,,良,3,3,壇之浦Ｓ･3勝,33.8,先行,10,+,56.2,55.9,11,16,東京,T,1800,,,,,,,良,1,4,２勝ｸﾗｽ,33.5,先行,5,,57.5,56.5,10,12,東京,T,1600,,,,,,,良,12,1,鷹巣山Ｈ･2勝,33.5,後方,18,+,56.2,50.0,6,8,東京,T,1600,,,,,,,良,1,1,１勝ｸﾗｽ,34.0,先行,10,+,55.0,50.7,3,29,阪神,T,1800,▲,01,▲,02,,,良,8,3,毎日杯G3,33.9,中団,10,+,57.8,59.0
2026,02,08,小倉,11,小倉日経,４歳以上・オープン(別定)(国際)(特指),芝,2000,良(暫定),12,"Lv2 ",5,,6,,,,,,,マイネルメモリー,,牡,6,2,1,25,中山,T,2200,,,,,,,良,15,13,アメリカG2,35.8,中団,5,,51.1,45.4,12,21,中山,T,1800,,,,,,,重,10,5,ディセン(L),35.0,後方,5,,55.1,52.6,11,15,京都,T,2000,,,×,01,,,良,5,11,アンドロ(L),34.5,後方,3,,55.3,52.3,10,25,京都,T,1800,○,00,○,04,,,良,9,8,カシオペ(L),33.9,後方,14,+,55.6,48.3,7,20,小倉,T,2000,,,×,01,,,良,12,10,小倉記念ＨG3,36.0,後方,3,,51.1,44.5
2026,02,08,小倉,11,小倉日経,４歳以上・オープン(別定)(国際)(特指),芝,2000,良(暫定),12,"Lv2 ",6,,7,,,,,,,カネフラ,,牡,6,8,12,13,中京,T,2000,,,,,,,良,17,17,中日新聞ＨG3,33.3,後方,10,+,61.6,54.9,10,5,京都,T,2400,,,,,,,稍,11,18,京都大賞G2,34.7,後方,3,,55.7,54.1,9,13,阪神,T,2000,,,,,,,良,12,13,チャレンＨG3,35.1,後方,8,,52.4,48.8,7,20,小倉,T,2000,,,,,,,良,14,13,小倉記念ＨG3,36.0,後方,9,,51.4,44.5,5,17,新潟,T,2000,,,,,,,稍,7,14,新潟大賞ＨG3,34.1,後方,5,,59.6,56.4
2026,02,08,小倉,11,小倉日経,４歳以上・オープン(別定)(国際)(特指),芝,2000,良(暫定),12,"Lv2 ",6,,8,,,,,,,ドラゴンヘッド,,牡,6,2,1,25,小倉,T,1800,,,,,,,良,6,9,壇之浦Ｓ･3勝,33.5,後方,6,,58.1,55.9,12,13,中山,T,1800,,,,,,,良,10,13,常総Ｓ･3勝,33.7,後方,7,,60.1,56.4,10,25,新潟,T,2000,×,00,×,00,,,良,10,12,魚沼Ｓ･3勝,33.4,後方,8,,60.1,58.8,8,30,新潟,T,2200,×,01,×,00,,,良,15,8,日本海Ｓ･3勝,36.3,後方,7,,51.2,54.0,7,13,福島,T,2000,△,03,★,02,,,良,5,10,七夕賞ＨG3,35.6,後方,2,,53.5,50.6
2026,02,08,小倉,11,小倉日経,４歳以上・オープン(別定)(国際)(特指),芝,2000,良(暫定),12,"Lv2 ",7,,9,,,,,,,ダンテスヴュー,,牡,7,15,10,25,京都,T,1800,,,,,,,良,8,10,カシオペ(L),34.3,中団,11,+,53.8,48.3,8,9,新潟,T,1800,,,,,,,良,6,12,関越ＳＨ,32.9,先行,4,,62.2,62.4,7,13,福島,T,2000,,,,,,,良,12,13,七夕賞ＨG3,37.2,後方,13,+,48.6,50.6,4,13,福島,T,2000,,,,,,,良,7,14,福島民報(L),36.1,先行,21,+,49.8,48.2,11,16,京都,T,2000,,,,,,,良,11,14,アンドＨ(L),35.6,後方,19,+,52.1,51.1
2026,02,08,小倉,11,小倉日経,４歳以上・オープン(別定)(国際)(特指),芝,2000,良(暫定),12,"Lv2 ",7,B,10,,,,,,,レーゼドラマ,Ｃ,牝,4,16,10,19,京都,T,2000,▲,04,○,17,15,,良,17,15,秋華賞G1,37.6,後方,11,+,46.3,50.8,8,3,札幌,T,1800,,,◇,,,,良,10,3,クイーンG3,35.9,中団,10,+,49.3,47.6,5,25,東京,T,2400,◎,06,△,17,08,,良,16,8,優駿牝馬G1,36.0,先行,9,,53.1,56.6,3,22,中山,T,1800,★,01,△,17,02,,良,1,5,フラワーG3,35.4,先行,6,,52.3,52.3,2,9,東京,T,2400,,,○,17,03,,良,6,6,ゆりかも･1勝,34.4,先行,4,,60.5,62.4
2026,02,08,小倉,11,小倉日経,４歳以上・オープン(別定)(国際)(特指),芝,2000,良(暫定),12,"Lv2 ",8,,11,,,,,,,アスクドゥポルテ,,牡,6,5,1,5,京都,T,3000,,,,,,,良,6,5,万葉ＳＨ,34.0,後方,18,+,63.8,62.9,8,31,新潟,T,2000,,,,,,,良,10,15,新潟記念G3,32.6,後方,3,,62.9,59.5,8,9,新潟,T,1800,,,,,,,良,4,13,関越ＳＨ,32.6,差し,17,+,63.5,62.4,4,13,福島,T,2000,,,,,,,良,12,10,福島民報(L),35.4,後方,4,,53.3,48.2,3,16,中京,T,2000,,,,,,,重,10,10,金鯱賞G2,39.2,後方,2,,43.5,41.8
2026,02,08,小倉,11,小倉日経,４歳以上・オープン(別定)(国際)(特指),芝,2000,良(暫定),12,"Lv2 ",8,,12,,,,,,,シルトホルン,,牡,6,4,1,12,中山,T,1600,,,○,07,,,良,11,7,ニューイ(L),35.1,先行,3,,49.7,51.3,12,21,中山,T,1800,,,,,,,重,3,2,ディセン(L),35.2,先行,8,,52.8,52.6,10,25,京都,T,1800,△,00,◎,05,,,良,10,5,カシオペ(L),34.7,先行,3,,52.3,48.3,10,5,東京,T,1800,★,00,×,01,,,良,9,8,毎日王冠G2,33.9,中団,12,+,54.6,54.3,7,13,福島,T,2000,○,05,○,06,,,良,4,4,七夕賞ＨG3,36.3,先行,4,,50.4,50.6
2026,02,08,小倉,12,１勝ｸﾗｽ,４歳以上・１勝クラス/500万下(定量)[指定],芝,1200,良(暫定),18,"Lv5 ",1,,1,,,,,,,ルパヴィヨン,Ｃ,牝,4,7,12,20,中京,T,1400,,,△,04,,,稍,10,6,１勝ｸﾗｽ,34.8,中団,10,+,50.2,43.3,10,13,東京,T,1600,,,○,08,,,良,9,3,１勝ｸﾗｽ,34.3,先行,11,+,53.6,54.3,7,27,新潟,T,1400,,,,,,,良,8,1,１勝ｸﾗｽ・牝,34.7,中団,7,,50.3,48.0,6,8,東京,T,1600,,,△,06,,,良,3,3,１勝ｸﾗｽ,34.9,先行,6,,51.3,50.7,4,27,東京,T,1600,,,○,06,,,良,3,4,１勝ｸﾗｽ*,34.2,追込,8,,52.5,49.9
2026,02,08,小倉,12,１勝ｸﾗｽ,４歳以上・１勝クラス/500万下(定量)[指定],芝,1200,良(暫定),18,"Lv5 ",1,,2,,,,,,,ヴァージル,,牡,4,13,11,9,京都,T,1400,×,02,★,07,,,重,5,5,１勝ｸﾗｽ,34.5,中団,3,,52.0,48.5,10,18,京都,T,1400,×,02,×,02,,,良,10,3,１勝ｸﾗｽ,33.0,後方,5,,59.1,50.0,9,13,阪神,T,1400,,,,,,,良,2,3,１勝ｸﾗｽ,34.3,追込,6,,51.0,46.1,8,3,中京,T,1400,★,02,▲,05,,,良,7,1,１勝ｸﾗｽ,34.3,中団,10,+,50.4,49.0,5,24,京都,T,1600,×,01,×,06,,,稍,12,4,メルボル･1勝,38.6,先行,3,,41.4,46.9
2026,02,08,小倉,12,１勝ｸﾗｽ,４歳以上・１勝クラス/500万下(定量)[指定],芝,1200,良(暫定),18,"Lv5 ",2,,3,,,,,,,グランテレーズ,,牝,5,8,12,13,中京,T,1200,,,,,,,良,4,11,１勝ｸﾗｽ,33.8,逃げ,4,,52.7,53.3,11,15,福島,T,1200,,,,,,,良,4,14,１勝ｸﾗｽ・牝,35.6,先行,11,+,44.9,43.8,8,30,札幌,T,1200,,,,,,,稍,13,11,１勝ｸﾗｽ,37.1,先行,2,,44.3,46.1,8,17,札幌,T,1200,×,00,▲,05,,,稍,4,9,小樽特別･1勝,35.5,逃げ,4,,48.0,48.6,7,19,函館,T,1200,○,02,▲,05,,,良,15,12,１勝ｸﾗｽ・牝,35.5,中団,3,,46.1,48.3
2026,02,08,小倉,12,１勝ｸﾗｽ,４歳以上・１勝クラス/500万下(定量)[指定],芝,1200,良(暫定),18,"Lv5 ",2,B,4,,,,,,,ドライグ,,牡,6,8,12,14,中京,T,1600,,,▲,07,,,稍,15,15,１勝ｸﾗｽ,35.6,先行,3,,52.8,54.4,11,26,名古,D,1500,,,,,,,良,7,5,名古屋,----,逃げ,13,+,,,8,24,中京,S,3000,○,04,○,04,,,良,8,10,障害未勝利,13.6,先行,13,+,,,5,24,新潟,S,2890,○,04,★,03,,,良,10,12,障害未勝利,13.7,逃げ,3,,,,5,3,新潟,S,2890,▲,05,▲,03,,,良,12,14,障害未勝利,13.6,後方,7,,,
2026,02,08,小倉,12,１勝ｸﾗｽ,４歳以上・１勝クラス/500万下(定量)[指定],芝,1200,良(暫定),18,"Lv5 ",3,,5,,,,,,,レインオンミー,Ｂ,牡,4,13,11,8,福島,T,1800,▲,01,◎,11,,,良,13,9,１勝ｸﾗｽ・若,36.5,中団,2,,47.1,48.9,10,25,新潟,T,1800,,,○,12,,,良,7,11,１勝ｸﾗｽ・若,34.3,先行,11,+,56.6,57.7,8,10,新潟,T,2000,,,○,08,,,重,11,6,１勝ｸﾗｽ,34.5,後方,3,,62.2,59.2,7,19,小倉,T,1800,◎,05,○,10,,,稍,1,6,未勝利,35.9,差し,7,,54.5,52.3,6,1,京都,T,1600,×,03,▲,14,,,良,10,7,未勝利,36.8,先行,3,,46.0,48.4
2026,02,08,小倉,12,１勝ｸﾗｽ,４歳以上・１勝クラス/500万下(定量)[指定],芝,1200,良(暫定),18,"Lv5 ",3,,6,,,,,,,パリコレジェンヌ,,牝,4,7,12,20,中京,T,1400,,,,,,,稍,8,12,１勝ｸﾗｽ,35.4,中団,11,+,47.0,43.3,10,4,京都,T,1200,,,▲,09,,,重,18,6,１勝ｸﾗｽ,34.6,後方,9,,50.6,42.6,8,2,中京,T,1200,△,03,,,,,良,1,8,未勝利,33.6,差し,2,,51.5,47.4,7,20,小倉,T,1200,,,,,,,良,5,11,未勝利,36.0,先行,5,,42.8,41.1,6,15,阪神,T,1400,,,,,,,重,13,8,未勝利,38.0,逃げ,7,,40.6,45.4
2026,02,08,小倉,12,１勝ｸﾗｽ,４歳以上・１勝クラス/500万下(定量)[指定],芝,1200,良(暫定),18,"Lv5 ",4,B,7,,,,,,,タマモブラウンタイ,Ｃ,牡,4,8,12,13,阪神,D,1400,,,△,10,,,良,12,11,１勝ｸﾗｽ,39.8,逃げ,3,,38.2,44.4,11,22,福島,D,1150,,,◎,17,01,,良,15,7,１勝ｸﾗｽ,39.4,中団,7,,39.2,42.3,10,4,京都,D,1400,,,,,,,不,16,10,１勝ｸﾗｽ,37.8,後方,4,,43.5,40.9,9,7,阪神,T,1200,,,,,,,良,10,8,１勝ｸﾗｽ,35.2,中団,8,,47.4,47.1,7,12,小倉,T,1200,○,08,○,17,02,,良,16,4,１勝ｸﾗｽ,36.6,中団,7,,40.7,43.0
2026,02,08,小倉,12,１勝ｸﾗｽ,４歳以上・１勝クラス/500万下(定量)[指定],芝,1200,良(暫定),18,"Lv5 ",4,,8,,,,,,,ヤマニンレセディ,,牝,4,2,1,25,小倉,T,1200,,,,,,,良,3,6,八幡特別･1勝,33.5,差し,10,+,50.9,45.1,11,15,福島,T,1200,,,,,,,良,10,1,１勝ｸﾗｽ・牝,35.7,中団,12,+,45.5,43.8,8,23,中京,T,1200,,,,,,,良,1,2,未勝利,33.6,差し,3,,51.8,49.4,8,2,中京,T,1200,,,,,,,良,3,5,未勝利,34.3,先行,3,,48.0,47.4,7,13,小倉,T,1200,×,00,,,,,良,4,7,未勝利・牝,35.2,差し,8,,47.4,44.4
2026,02,08,小倉,12,１勝ｸﾗｽ,４歳以上・１勝クラス/500万下(定量)[指定],芝,1200,良(暫定),18,"Lv5 ",5,,9,,,,,,,ツィスカリーゼ,,牡,6,2,1,25,小倉,T,1200,,,,,,,良,5,16,八幡特別･1勝,33.2,後方,6,,53.9,45.1,12,13,中山,D,1200,,,,,,,良,14,14,１勝ｸﾗｽ,37.4,後方,5,,47.3,44.4,11,9,福島,T,1200,,,,,,,良,11,16,１勝ｸﾗｽ,34.1,後方,3,,54.4,48.0,10,19,新潟,T,1200,,,,,,,稍,16,15,１勝ｸﾗｽ,35.2,後方,6,,52.3,47.7,9,7,中山,T,1200,,,,,,,良,7,16,１勝ｸﾗｽ,33.4,後方,3,,57.2,54.2
2026,02,08,小倉,12,１勝ｸﾗｽ,４歳以上・１勝クラス/500万下(定量)[指定],芝,1200,良(暫定),18,"Lv5 ",5,,10,,,,,,,ランスオブプライム,,牝,5,5,1,5,京都,T,1600,,,,,,,良,12,15,１勝ｸﾗｽ,35.0,逃げ,4,,53.9,56.6,12,6,阪神,T,1600,,,,,,,良,13,12,１勝ｸﾗｽ,34.1,中団,14,+,57.9,58.8,8,30,中京,D,1400,,,,,,,良,12,11,１勝ｸﾗｽ,40.2,先行,2,,38.4,43.9,8,16,中京,T,1600,,,,,,,良,8,9,１勝ｸﾗｽ,34.8,逃げ,2,,52.9,55.4,8,5,盛岡,T,1700,,,,,,,稍,3,4,アンタ,----,先行,23,+,,
2026,02,08,小倉,12,１勝ｸﾗｽ,４歳以上・１勝クラス/500万下(定量)[指定],芝,1200,良(暫定),18,"Lv5 ",6,,11,,,,,,,テクノデザイン,,牝,6,7,12,21,中京,T,1600,,,×,04,,,稍,10,12,１勝ｸﾗｽ・牝,35.7,中団,10,+,52.9,51.5,10,12,京都,T,1600,◎,09,○,15,,,良,14,15,１勝ｸﾗｽ,33.9,後方,7,,55.7,52.2,8,24,中京,T,1400,◎,08,◎,17,,,良,14,11,賢島特別･1勝,34.1,後方,10,+,59.1,52.8,6,14,阪神,T,1600,×,00,◎,11,,,重,7,5,１勝ｸﾗｽ・牝,35.0,後方,3,,54.2,53.0,5,25,京都,T,1400,○,07,◎,16,,,重,2,8,１勝ｸﾗｽ,33.6,追込,3,,58.9,55.0
2026,02,08,小倉,12,１勝ｸﾗｽ,４歳以上・１勝クラス/500万下(定量)[指定],芝,1200,良(暫定),18,"Lv5 ",6,B,12,,,,,,,シャドフ,,牝,5,6,12,28,阪神,D,1400,,,△,02,,,良,15,12,１勝ｸﾗｽ,39.5,中団,3,,40.4,43.7,12,6,阪神,T,1600,,,×,00,,,良,15,14,１勝ｸﾗｽ,34.5,先行,3,,56.1,58.8,11,15,福島,T,1200,,,,,,,良,8,9,１勝ｸﾗｽ・牝,35.4,中団,9,,46.6,43.8,9,17,園田,D,1230,,,,,,,良,1,1,阿弥陀,----,逃げ,14,+,,,6,5,園田,D,1230,,,,,,,稍,1,2,Ｃ２　,----,先行,8,,,
2026,02,08,小倉,12,１勝ｸﾗｽ,４歳以上・１勝クラス/500万下(定量)[指定],芝,1200,良(暫定),18,"Lv5 ",7,,13,,,,,,,ジーティーエスピ,,牡,4,4,1,10,京都,D,1200,,,,,,,良,6,1,１勝ｸﾗｽ,36.8,中団,7,,48.6,47.5,11,24,福島,T,1200,,,,,,,良,3,1,１勝ｸﾗｽ,34.6,差し,2,,49.1,47.4,11,9,福島,T,1200,,,,,,,良,2,1,１勝ｸﾗｽ,35.3,先行,9,,46.6,45.8,9,7,阪神,T,1200,,,,,,,良,3,1,１勝ｸﾗｽ,34.4,差し,2,,49.4,47.1,8,24,中京,T,1400,,,,,,,良,4,6,賢島特別･1勝,33.6,先行,28,+,53.3,52.8
2026,02,08,小倉,12,１勝ｸﾗｽ,４歳以上・１勝クラス/500万下(定量)[指定],芝,1200,良(暫定),18,"Lv5 ",7,,14,,,,,,,ヒットザグラウンド,,牝,4,8,12,13,中京,T,1200,,,○,10,,,良,10,4,１勝ｸﾗｽ,32.7,後方,17,+,61.0,53.3,8,17,札幌,T,1500,◎,06,○,11,,,稍,6,8,１勝ｸﾗｽ・牝,35.7,中団,4,,52.5,51.7,7,20,函館,T,1200,,,,,,,良,1,3,未勝利,34.3,差し,2,,49.4,46.6,7,6,函館,T,1200,○,03,▲,08,,,稍,9,3,未勝利,36.8,逃げ,2,,42.1,45.0,6,22,函館,T,1200,★,03,×,08,,,重,2,5,未勝利,35.1,差し,12,+,48.9,45.8
2026,02,08,小倉,12,１勝ｸﾗｽ,４歳以上・１勝クラス/500万下(定量)[指定],芝,1200,良(暫定),18,"Lv5 ",7,B,15,,,,,,,モルティフレーバー,,牝,4,8,12,14,中京,T,2000,,,,,,,稍,17,9,１勝ｸﾗｽ・牝,36.8,逃げ,8,,50.5,56.0,10,18,京都,T,2000,△,01,△,06,,,良,7,4,１勝ｸﾗｽ,37.7,逃げ,13,+,45.9,50.8,7,19,小倉,T,2000,○,03,○,07,,,良,6,5,１勝ｸﾗｽ・牝,38.3,逃げ,15,+,46.2,51.0,4,5,阪神,T,2400,◎,03,★,05,,,良,9,7,アザレア･1勝,42.9,逃げ,12,+,34.7,50.7,1,12,中山,T,1600,,,×,04,,,良,12,8,フェアリG3,37.1,中団,15,+,44.0,46.8
2026,02,08,小倉,12,１勝ｸﾗｽ,４歳以上・１勝クラス/500万下(定量)[指定],芝,1200,良(暫定),18,"Lv5 ",8,,16,,,,,,,シャインズオンユー,,牡,5,9,12,7,中京,T,1400,,,,,,,良,17,17,１勝ｸﾗｽ,34.3,中団,14,+,52.8,50.3,8,30,札幌,T,1200,,,×,05,,,稍,10,14,１勝ｸﾗｽ,35.2,後方,5,,52.8,46.1,7,26,札幌,T,1200,,,▲,04,,,良,4,8,１勝ｸﾗｽ,34.1,差し,3,,52.6,46.3,7,5,函館,T,1200,,,,,,,稍,8,8,１勝ｸﾗｽ,36.8,逃げ,3,,43.5,48.3,6,14,函館,T,1200,▲,02,×,01,,,良,11,14,１勝ｸﾗｽ,35.5,中団,4,,43.2,44.2
2026,02,08,小倉,12,１勝ｸﾗｽ,４歳以上・１勝クラス/500万下(定量)[指定],芝,1200,良(暫定),18,"Lv5 ",8,,17,,,,,,,トモサカエ,,牝,5,6,12,28,中山,D,1200,,,,,,,良,15,13,１勝ｸﾗｽ,39.7,逃げ,10,+,36.6,41.5,10,18,新潟,D,1200,,,,,,,良,15,10,１勝ｸﾗｽ・若,39.2,後方,27,+,40.1,39.2,4,14,水沢,D, 850,,,,,,,不,1,1,Ｃ１　,----,逃げ,4,,,,3,17,水沢,D, 850,,,,,,,重,1,2,Ｃ２　,----,逃げ,13,+,,,12,17,水沢,D,1300,,,,,,,不,5,3,Ｃ２五,----,逃げ,2,,,
2026,02,08,小倉,12,１勝ｸﾗｽ,４歳以上・１勝クラス/500万下(定量)[指定],芝,1200,良(暫定),18,"Lv5 ",8,,18,,,,,,,フーレイ,,牝,7,8,12,13,中京,T,1200,,,,,,,良,12,18,１勝ｸﾗｽ,34.0,中団,29,+,53.5,53.3,5,25,京都,T,1400,,,,,,,重,10,17,１勝ｸﾗｽ,35.0,先行,連,=,53.1,55.0,5,18,京都,T,1200,,,,,,,稍,6,11,１勝ｸﾗｽ,34.2,中団,11,+,53.2,51.2,3,1,小倉,T,1200,,,,,,,良,15,18,１勝ｸﾗｽ,35.5,後方,4,,47.5,43.6,2,2,京都,T,1400,,,,,,,稍,9,16,１勝ｸﾗｽ,35.4,中団,7,,52.8,52.9
